Date,Close,Volume,CashInflow
,DHER.DE,DHER.DE,
2017-06-30,27.799999237060547,11407039,317115675.4971199
2017-07-03,27.5,496331,13649102.5
2017-07-04,26.950000762939453,172959,4661245.181957245
2017-07-05,25.549999237060547,251146,6416780.108390808
2017-07-06,25.899999618530273,164755,4267154.437150955
2017-07-07,26.25,118722,3116452.5
2017-07-10,26.549999237060547,133496,3544318.6981506348
2017-07-11,27.200000762939453,183557,4992750.540042877
2017-07-12,28.200000762939453,70912,1999718.4541015625
2017-07-13,27.600000381469727,22009,607448.4083957672
2017-07-14,28.0,31735,888580.0
2017-07-17,29.299999237060547,174981,5126943.166500092
2017-07-18,29.0,62654,1816966.0
2017-07-19,28.899999618530273,65753,1900261.674917221
2017-07-20,29.2450008392334,76842,2247244.354488373
2017-07-21,28.0,31640,885920.0
2017-07-24,27.799999237060547,7105,197518.9945793152
2017-07-25,27.459999084472656,35139,964916.9078292847
2017-07-26,27.389999389648438,31012,849418.6610717773
2017-07-27,27.80500030517578,17805,495068.0304336548
2017-07-28,27.40999984741211,21163,580077.8267707825
2017-07-31,27.700000762939453,66757,1849168.950931549
2017-08-01,27.690000534057617,116033,3212953.8319683075
2017-08-02,27.649999618530273,23079,638134.3411960602
2017-08-03,27.549999237060547,22273,613621.1330070496
2017-08-04,26.8799991607666,27885,749548.7765979767
2017-08-07,27.0,26709,721143.0
2017-08-08,28.399999618530273,140351,3985968.3464603424
2017-08-09,28.350000381469727,187600,5318460.071563721
2017-08-10,28.0,127606,3572968.0
2017-08-11,27.729999542236328,84579,2345375.6312828064
2017-08-14,27.200000762939453,35555,967096.0271263123
2017-08-15,26.899999618530273,11514,309726.59560775757
2017-08-16,27.03499984741211,10474,283164.58840179443
2017-08-17,27.459999084472656,14316,393117.34689331055
2017-08-18,27.354999542236328,10642,291111.905128479
2017-08-21,27.479999542236328,10129,278344.91536331177
2017-08-22,27.84000015258789,21228,590987.5232391357
2017-08-23,28.96500015258789,15418,446582.3723526001
2017-08-24,30.200000762939453,59085,1784367.0450782776
2017-08-25,30.399999618530273,39104,1188761.5850830078
2017-08-28,30.100000381469727,47045,1416054.5179462433
2017-08-29,30.31999969482422,40844,1238390.0675354004
2017-08-30,30.18000030517578,10300,310854.00314331055
2017-08-31,30.100000381469727,37518,1129291.8143119812
2017-09-01,30.149999618530273,16816,507002.3935852051
2017-09-04,30.1200008392334,11032,332283.84925842285
2017-09-05,30.549999237060547,42093,1285941.1178855896
2017-09-06,30.700000762939453,7506,230434.20572662354
2017-09-07,32.65999984741211,62110,2028512.590522766
2017-09-08,32.70000076293945,35921,1174616.727405548
2017-09-11,33.099998474121094,21409,708637.8673324585
2017-09-12,33.45000076293945,29639,991424.5726127625
2017-09-13,33.755001068115234,34220,1155096.1365509033
2017-09-14,34.0,115476,3926184.0
2017-09-15,34.54999923706055,257288,8889300.203704834
2017-09-18,35.55500030517578,32624,1159946.3299560547
2017-09-19,34.75,85723,2978874.25
2017-09-20,34.25,68620,2350235.0
2017-09-21,34.5,33529,1156750.5
2017-09-22,34.0,74148,2521032.0
2017-09-25,32.5,60944,1980680.0
2017-09-26,33.75,66160,2232900.0
2017-09-27,33.70000076293945,27630,931131.0210800171
2017-09-28,34.040000915527344,60067,2044680.734992981
2017-09-29,33.5,123886,4150181.0
2017-10-02,33.595001220703125,38621,1297472.5421447754
2017-10-03,33.595001220703125,0,0.0
2017-10-04,33.849998474121094,56610,1916248.4136199951
2017-10-05,35.54999923706055,54350,1932142.4585342407
2017-10-06,35.54999923706055,44890,1595839.465751648
2017-10-09,35.3849983215332,33374,1180938.9339828491
2017-10-10,35.58000183105469,20460,727966.8374633789
2017-10-11,35.744998931884766,30897,1104413.2319984436
2017-10-12,38.150001525878906,79740,3042081.121673584
2017-10-13,38.255001068115234,48475,1854411.176776886
2017-10-16,38.040000915527344,37446,1424445.874282837
2017-10-17,37.0,28992,1072704.0
2017-10-18,36.650001525878906,32549,1192920.8996658325
2017-10-19,35.22999954223633,112291,3956011.8785972595
2017-10-20,34.584999084472656,43286,1497046.2703704834
2017-10-23,35.400001525878906,67360,2384544.102783203
2017-10-24,36.255001068115234,68312,2476651.632965088
2017-10-25,36.150001525878906,22549,815146.3844070435
2017-10-26,36.099998474121094,31798,1147907.7514801025
2017-10-27,35.900001525878906,30094,1080374.6459197998
2017-10-30,36.6349983215332,55727,2041558.5514640808
2017-10-31,36.6349983215332,0,0.0
2017-11-01,37.599998474121094,40863,1536448.7376480103
2017-11-02,37.875,93366,3536237.25
2017-11-03,38.20500183105469,38453,1469096.935409546
2017-11-06,38.80500030517578,47827,1855926.749595642
2017-11-07,38.02000045776367,47377,1801273.5616874695
2017-11-08,37.5,93207,3495262.5
2017-11-09,37.0,42489,1572093.0
2017-11-10,37.154998779296875,38414,1427272.1231079102
2017-11-13,37.349998474121094,31615,1180820.2017593384
2017-11-14,37.02000045776367,16592,614235.8475952148
2017-11-15,37.29999923706055,39388,1469172.3699493408
2017-11-16,38.5,36958,1422883.0
2017-11-17,38.73500061035156,30790,1192650.6687927246
2017-11-20,39.310001373291016,42355,1664975.108165741
2017-11-21,38.584999084472656,35635,1374976.442375183
2017-11-22,39.060001373291016,61583,2405432.0645713806
2017-11-23,39.21500015258789,44020,1726244.306716919
2017-11-24,38.119998931884766,52407,1997754.784023285
2017-11-27,38.314998626708984,50332,1928470.5108795166
2017-11-28,38.970001220703125,60374,2352774.8536987305
2017-11-29,37.994998931884766,71404,2712994.9037323
2017-11-30,38.900001525878906,81793,3181747.8248062134
2017-12-01,39.20000076293945,93380,3660496.071243286
2017-12-04,38.73500061035156,80043,3100465.65385437
2017-12-05,37.5,68167,2556262.5
2017-12-06,35.79999923706055,585340,20955171.55342102
2017-12-07,35.959999084472656,196232,7056502.540344238
2017-12-08,36.189998626708984,127879,4627940.834384918
2017-12-11,34.92499923706055,59829,2089527.7793540955
2017-12-12,35.255001068115234,166802,5880604.688163757
2017-12-13,35.25,152151,5363322.75
2017-12-14,36.220001220703125,227773,8249938.338043213
2017-12-15,36.029998779296875,1600087,57651132.6567688
2017-12-18,34.790000915527344,152556,5307423.379669189
2017-12-19,34.79999923706055,116199,4043725.1113471985
2017-12-20,33.9900016784668,85709,2913249.0538597107
2017-12-21,34.185001373291016,128532,4393866.596511841
2017-12-22,33.83000183105469,124324,4205881.147644043
2017-12-27,32.8650016784668,118362,3889967.328666687
2017-12-28,32.654998779296875,164079,5357999.544708252
2017-12-29,33.0,142134,4690422.0
2018-01-02,32.65999984741211,69669,2275389.5293693542
2018-01-03,33.34000015258789,257375,8580882.539272308
2018-01-04,33.540000915527344,167286,5610772.593154907
2018-01-05,32.0,530521,16976672.0
2018-01-08,32.58000183105469,988571,32207644.990127563
2018-01-09,32.599998474121094,169982,5541412.940628052
2018-01-10,33.0,226770,7483410.0
2018-01-11,32.70000076293945,228374,7467829.974235535
2018-01-12,32.63999938964844,192295,6276508.682632446
2018-01-15,33.040000915527344,152182,5028093.419326782
2018-01-16,32.79999923706055,122285,4010947.906703949
2018-01-17,32.79999923706055,219682,7205569.432395935
2018-01-18,33.15999984741211,154330,5117582.776451111
2018-01-19,33.439998626708984,120509,4029820.794506073
2018-01-22,34.5,545801,18830134.5
2018-01-23,34.47999954223633,152461,5256855.210208893
2018-01-24,33.7599983215332,168336,5683023.077453613
2018-01-25,33.7599983215332,160565,5420674.130496979
2018-01-26,35.060001373291016,292144,10242569.04119873
2018-01-29,35.0,399625,13986875.0
2018-01-30,34.540000915527344,316457,10930425.069725037
2018-01-31,34.560001373291016,166066,5739241.188056946
2018-02-01,33.97999954223633,96933,3293783.295627594
2018-02-02,33.060001373291016,238015,7868776.226863861
2018-02-05,32.41999816894531,154786,5018161.836578369
2018-02-06,31.639999389648438,366688,11602008.096191406
2018-02-07,33.20000076293945,229123,7606883.774806976
2018-02-08,32.599998474121094,231529,7547845.046714783
2018-02-09,31.979999542236328,579481,18531802.11473465
2018-02-12,33.47999954223633,290690,9732301.066932678
2018-02-13,34.36000061035156,318734,10951700.434539795
2018-02-14,34.5,268335,9257557.5
2018-02-15,34.5,556655,19204597.5
2018-02-16,34.540000915527344,320888,11083471.813781738
2018-02-19,34.5,107271,3700849.5
2018-02-20,34.400001525878906,129101,4441074.596992493
2018-02-21,34.5,135020,4658190.0
2018-02-22,34.5,205266,7081677.0
2018-02-23,34.5,209554,7229613.0
2018-02-26,36.41999816894531,482486,17572139.236541748
2018-02-27,35.79999923706055,207988,7445970.241317749
2018-02-28,36.0,256373,9229428.0
2018-03-01,36.099998474121094,385658,13922253.211532593
2018-03-02,35.86000061035156,229718,8237687.62020874
2018-03-05,36.79999923706055,248098,9130006.210716248
2018-03-06,36.619998931884766,330753,12112174.506717682
2018-03-07,37.900001525878906,245158,9291488.57408142
2018-03-08,38.400001525878906,211971,8139686.723442078
2018-03-09,38.619998931884766,528065,20393869.73596573
2018-03-12,39.0,312563,12189957.0
2018-03-13,38.599998474121094,294846,11381055.150100708
2018-03-14,38.02000045776367,174869,6648519.460048676
2018-03-15,38.36000061035156,257008,9858827.036865234
2018-03-16,38.599998474121094,2628732,101469051.18887329
2018-03-19,38.779998779296875,271208,10517445.908935547
2018-03-20,38.939998626708984,212521,8275567.44814682
2018-03-21,39.119998931884766,180501,7061198.927204132
2018-03-22,39.2400016784668,170522,6691283.566215515
2018-03-23,39.380001068115234,168837,6648801.240337372
2018-03-26,39.220001220703125,338574,13278872.69329834
2018-03-27,39.52000045776367,453076,17905563.727401733
2018-03-28,39.5,389240,15374980.0
2018-03-29,39.29999923706055,287288,11290418.18081665
2018-04-03,39.2400016784668,278161,10915038.106884003
2018-04-04,37.459999084472656,295732,11078120.449249268
2018-04-05,38.36000061035156,186951,7171440.474105835
2018-04-06,38.560001373291016,149357,5759206.125110626
2018-04-09,39.2400016784668,287188,11269257.602035522
2018-04-10,39.400001525878906,198418,7817669.502761841
2018-04-11,39.18000030517578,134232,5259209.8009643555
2018-04-12,39.47999954223633,322123,12717415.892543793
2018-04-13,39.380001068115234,178334,7022793.110481262
2018-04-16,39.279998779296875,153779,6040438.932281494
2018-04-17,38.900001525878906,154538,6011528.435806274
2018-04-18,38.84000015258789,308934,11998996.607139587
2018-04-19,38.86000061035156,331716,12890483.962463379
2018-04-20,38.91999816894531,223879,8713370.270065308
2018-04-23,39.31999969482422,281592,11072197.354064941
2018-04-24,39.34000015258789,380462,14967375.138053894
2018-04-25,39.29999923706055,466437,18330973.74413681
2018-04-26,39.84000015258789,759164,30245093.875839233
2018-04-27,40.099998474121094,278948,11185814.37435913
2018-04-30,39.599998474121094,274215,10858913.581581116
2018-05-02,40.400001525878906,368779,14898672.162712097
2018-05-03,40.2599983215332,228117,9183990.03711319
2018-05-04,39.619998931884766,300805,11917893.778705597
2018-05-07,40.0,213179,8527160.0
2018-05-08,38.439998626708984,635238,24418547.84763336
2018-05-09,39.91999816894531,523591,20901751.761276245
2018-05-10,40.02000045776367,255194,10212863.996818542
2018-05-11,40.13999938964844,266480,10696507.037353516
2018-05-14,40.099998474121094,255490,10245148.610153198
2018-05-15,39.900001525878906,546975,21824303.334617615
2018-05-16,40.040000915527344,338219,13542289.069648743
2018-05-17,40.400001525878906,294628,11902971.64956665
2018-05-18,40.0,542961,21718440.0
2018-05-21,40.0,0,0.0
2018-05-22,40.0,436657,17466280.0
2018-05-23,39.70000076293945,225962,8970691.572395325
2018-05-24,39.900001525878906,342629,13670897.622810364
2018-05-25,39.65999984741211,363417,14413118.164546967
2018-05-28,39.84000015258789,222058,8846790.753883362
2018-05-29,39.41999816894531,519442,20476402.68887329
2018-05-30,38.599998474121094,446203,17223435.119148254
2018-05-31,39.31999969482422,8728391,343200331.45630646
2018-06-01,39.97999954223633,456591,18254507.970989227
2018-06-04,39.939998626708984,416161,16621469.768489838
2018-06-05,40.0,402960,16118400.0
2018-06-06,41.0,736787,30208267.0
2018-06-07,41.099998474121094,588857,24202021.801475525
2018-06-08,41.119998931884766,361189,14852091.294208527
2018-06-11,41.380001068115234,230302,9529897.005989075
2018-06-12,41.15999984741211,264001,10866281.119716644
2018-06-13,41.060001373291016,214367,8801909.314388275
2018-06-14,41.0,307585,12610985.0
2018-06-15,41.79999923706055,3338434,139546538.652977
2018-06-18,42.060001373291016,496126,20867060.24132538
2018-06-19,43.29999923706055,670466,29031177.288475037
2018-06-20,44.099998474121094,599941,26457397.184562683
2018-06-21,43.97999954223633,414456,18227774.6902771
2018-06-22,44.400001525878906,247717,10998635.177986145
2018-06-25,44.900001525878906,323191,14511276.39315033
2018-06-26,44.97999954223633,389635,17525782.12163925
2018-06-27,45.040000915527344,534995,24096175.28980255
2018-06-28,44.939998626708984,343150,15421160.528755188
2018-06-29,45.58000183105469,514158,23435322.581451416
2018-07-02,45.81999969482422,343049,15718505.075309753
2018-07-03,46.7400016784668,544963,25471571.5347023
2018-07-04,47.29999923706055,290550,13743014.778327942
2018-07-05,48.2400016784668,510368,24620153.176635742
2018-07-06,48.939998626708984,476440,23316972.94570923
2018-07-09,49.29999923706055,390768,19264862.101867676
2018-07-10,48.0,506975,24334800.0
2018-07-11,48.20000076293945,251692,12131554.592025757
2018-07-12,48.86000061035156,435801,21293237.12599182
2018-07-13,48.619998931884766,235673,11458421.008274078
2018-07-16,48.959999084472656,320649,15698974.746437073
2018-07-17,49.459999084472656,267442,13227681.075149536
2018-07-18,50.0,228714,11435700.0
2018-07-19,49.86000061035156,280106,13966085.330963135
2018-07-20,50.150001525878906,269074,13494061.51057434
2018-07-23,50.599998474121094,199427,10091005.895698547
2018-07-24,50.54999923706055,301928,15262460.169647217
2018-07-25,51.849998474121094,226688,11753772.454101562
2018-07-26,51.099998474121094,358785,18333912.952537537
2018-07-27,51.0,239147,12196497.0
2018-07-30,49.2400016784668,316544,15586627.091308594
2018-07-31,48.58000183105469,543511,26403765.375198364
2018-08-01,48.70000076293945,368672,17954326.681274414
2018-08-02,47.880001068115234,870478,41678487.56977081
2018-08-03,47.060001373291016,632256,29753968.228271484
2018-08-06,47.060001373291016,321265,15118731.341190338
2018-08-07,46.97999954223633,270988,12731016.115951538
2018-08-08,47.220001220703125,234135,11055854.985809326
2018-08-09,48.939998626708984,331317,16214653.52500534
2018-08-10,47.619998931884766,530324,25254028.313552856
2018-08-13,46.91999816894531,412786,19367918.36416626
2018-08-14,46.119998931884766,377698,17419431.356575012
2018-08-15,45.119998931884766,357227,16118081.8584404
2018-08-16,46.279998779296875,441230,20420123.86138916
2018-08-17,45.84000015258789,160251,7345905.864452362
2018-08-20,45.70000076293945,195332,8926672.54902649
2018-08-21,45.41999816894531,283359,12870165.261154175
2018-08-22,46.0,212644,9781624.0
2018-08-23,47.15999984741211,242590,11440544.362983704
2018-08-24,48.779998779296875,285996,13950884.530883789
2018-08-27,49.68000030517578,180637,8974046.215126038
2018-08-28,49.400001525878906,225986,11163708.74482727
2018-08-29,48.29999923706055,264255,12763516.298389435
2018-08-30,49.380001068115234,313272,15469371.694610596
2018-08-31,47.459999084472656,472527,22426130.98738861
2018-09-03,47.0,231161,10864567.0
2018-09-04,46.099998474121094,247544,11411778.022277832
2018-09-05,45.31999969482422,439097,19899875.90599823
2018-09-06,45.439998626708984,304748,13847748.70149231
2018-09-07,45.29999923706055,260274,11790412.001426697
2018-09-10,45.91999816894531,242520,11136517.955932617
2018-09-11,46.36000061035156,308778,14314948.268463135
2018-09-12,46.47999954223633,250725,11653697.885227203
2018-09-13,45.0,867932,39056940.0
2018-09-14,44.58000183105469,542910,24202928.7940979
2018-09-17,43.400001525878906,295110,12807774.450302124
2018-09-18,43.34000015258789,254085,11012043.938770294
2018-09-19,43.02000045776367,267334,11500708.802375793
2018-09-20,43.02000045776367,323428,13913872.708053589
2018-09-21,43.099998474121094,1049240,45222242.39898682
2018-09-24,42.68000030517578,175150,7475402.053451538
2018-09-25,42.91999816894531,205026,8799715.544586182
2018-09-26,42.86000061035156,226165,9693432.038040161
2018-09-27,41.70000076293945,314502,13114733.639945984
2018-09-28,41.41999816894531,437248,18110811.359375
2018-10-01,41.619998931884766,353787,14724614.562114716
2018-10-02,40.900001525878906,282361,11548565.330848694
2018-10-04,40.20000076293945,419906,16880221.520362854
2018-10-05,39.720001220703125,392806,15602254.799499512
2018-10-08,37.400001525878906,806436,30160707.63052368
2018-10-09,36.36000061035156,599861,21810946.3261261
2018-10-10,35.119998931884766,454101,15948026.634967804
2018-10-11,34.540000915527344,666129,23008096.269859314
2018-10-12,35.099998474121094,368227,12924767.138130188
2018-10-15,34.29999923706055,319713,10966155.656078339
2018-10-16,35.29999923706055,337438,11911561.142555237
2018-10-17,35.91999816894531,353323,12691361.513046265
2018-10-18,36.060001373291016,393565,14191954.440479279
2018-10-19,35.459999084472656,256271,9087369.425376892
2018-10-22,35.619998931884766,228972,8155982.395431519
2018-10-23,32.880001068115234,459176,15097707.37045288
2018-10-24,33.70000076293945,345885,11656324.763889313
2018-10-25,34.20000076293945,331468,11336205.852890015
2018-10-26,33.81999969482422,314117,10623436.8441391
2018-10-29,34.599998474121094,328206,11355927.099197388
2018-10-30,33.31999969482422,437570,14579832.266464233
2018-10-31,35.63999938964844,399236,14228770.796325684
2018-11-01,36.70000076293945,436822,16031367.733268738
2018-11-02,37.400001525878906,407253,15231262.821418762
2018-11-05,35.939998626708984,310479,11158614.833621979
2018-11-06,35.15999984741211,265576,9337652.119476318
2018-11-07,36.68000030517578,692847,25413628.171440125
2018-11-08,37.65999984741211,522985,19695615.020198822
2018-11-09,36.86000061035156,308766,11381114.94845581
2018-11-12,34.900001525878906,326054,11379285.09751892
2018-11-13,33.459999084472656,459984,15391064.21887207
2018-11-14,33.599998474121094,479504,16111333.668334961
2018-11-15,33.34000015258789,311502,10385476.727531433
2018-11-16,34.2599983215332,277044,9491526.974990845
2018-11-19,32.58000183105469,339499,11060878.041641235
2018-11-20,31.18000030517578,465555,14516005.04207611
2018-11-21,31.959999084472656,406306,12985539.388015747
2018-11-22,32.459999084472656,300582,9756891.44480896
2018-11-23,32.18000030517578,169539,5455765.071739197
2018-11-26,33.02000045776367,214910,7096328.298377991
2018-11-27,32.70000076293945,209890,6863403.160133362
2018-11-28,33.060001373291016,221238,7314128.583824158
2018-11-29,33.36000061035156,248663,8295397.831771851
2018-11-30,32.13999938964844,424864,13655128.700683594
2018-12-03,33.58000183105469,290414,9752102.651763916
2018-12-04,32.0,278619,8915808.0
2018-12-05,31.440000534057617,242863,7635612.849702835
2018-12-06,29.899999618530273,727729,21759096.822393417
2018-12-07,30.260000228881836,398722,12065327.811260223
2018-12-10,29.559999465942383,209313,6187292.168214798
2018-12-11,30.639999389648438,284443,8715333.34638977
2018-12-12,31.200000762939453,293273,9150117.823749542
2018-12-13,31.65999984741211,206430,6535573.768501282
2018-12-14,31.020000457763672,313400,9721668.143463135
2018-12-17,29.899999618530273,380361,11372793.754903793
2018-12-18,29.059999465942383,542441,15763335.170305252
2018-12-19,29.0,410607,11907603.0
2018-12-20,27.6200008392334,394147,10886340.470781326
2018-12-21,30.399999618530273,1237623,37623738.72788429
2018-12-27,31.780000686645508,354248,11258001.683242798
2018-12-28,32.5,288152,9364940.0
2019-01-02,31.959999084472656,355114,11349443.114883423
2019-01-03,29.520000457763672,642332,18961640.934036255
2019-01-04,30.059999465942383,296913,8925204.62143135
2019-01-07,31.639999389648438,273381,8649774.67314148
2019-01-08,32.63999938964844,308705,10076131.01158142
2019-01-09,33.20000076293945,634113,21052552.083789825
2019-01-10,32.79999923706055,371084,12171554.916885376
2019-01-11,32.779998779296875,250075,8197458.194732666
2019-01-14,32.2400016784668,169946,5479059.325248718
2019-01-15,32.63999938964844,244471,7979533.290786743
2019-01-16,32.779998779296875,269979,8849911.290435791
2019-01-17,32.959999084472656,212389,7000341.245552063
2019-01-18,32.939998626708984,166370,5480227.571525574
2019-01-21,33.599998474121094,212159,7128542.076271057
2019-01-22,33.5,180273,6039145.5
2019-01-23,33.400001525878906,233228,7789815.555877686
2019-01-24,32.70000076293945,474431,15513894.061962128
2019-01-25,34.0,306931,10435654.0
2019-01-28,33.220001220703125,303987,10098448.51107788
2019-01-29,33.099998474121094,274192,9075754.781616211
2019-01-30,32.36000061035156,345451,11178794.570846558
2019-01-31,32.20000076293945,524714,16895791.200325012
2019-02-01,32.119998931884766,307498,9876835.431556702
2019-02-04,32.380001068115234,231781,7505069.027568817
2019-02-05,34.47999954223633,273511,9430659.1547966
2019-02-06,35.36000061035156,583562,20634752.67617798
2019-02-07,35.279998779296875,413788,14598440.134887695
2019-02-08,34.58000183105469,396590,13714082.926177979
2019-02-11,35.720001220703125,230924,8248605.561889648
2019-02-12,35.439998626708984,292012,10348904.878982544
2019-02-13,35.459999084472656,309661,10980578.776496887
2019-02-14,35.52000045776367,247279,8783350.193195343
2019-02-15,35.79999923706055,381333,13651721.10906601
2019-02-18,35.880001068115234,368436,13219484.073532104
2019-02-19,35.2400016784668,327364,11536307.909469604
2019-02-20,35.400001525878906,239222,8468459.165023804
2019-02-21,34.099998474121094,698462,23817553.134231567
2019-02-22,33.58000183105469,346824,11646350.555053711
2019-02-25,33.68000030517578,230961,7778766.550483704
2019-02-26,34.13999938964844,398664,13610388.716674805
2019-02-27,33.720001220703125,303626,10238269.090637207
2019-02-28,34.08000183105469,325947,11108274.356826782
2019-03-01,34.70000076293945,303298,10524440.83139801
2019-03-04,34.720001220703125,247753,8601984.462432861
2019-03-05,35.34000015258789,211394,7470663.992256165
2019-03-06,35.70000076293945,373650,13339305.285072327
2019-03-07,35.560001373291016,233482,8302620.240638733
2019-03-08,35.5,245851,8727710.5
2019-03-11,35.619998931884766,273443,9740039.367931366
2019-03-12,35.52000045776367,301096,10694930.05783081
2019-03-13,35.540000915527344,477040,16954002.036743164
2019-03-14,35.63999938964844,327661,11677837.840011597
2019-03-15,35.5,817087,29006588.5
2019-03-18,35.7400016784668,235340,8411051.995010376
2019-03-19,35.599998474121094,199175,7090629.696083069
2019-03-20,35.540000915527344,237822,8452194.097732544
2019-03-21,35.5,349992,12424716.0
2019-03-22,34.65999984741211,311249,10787890.292507172
2019-03-25,33.15999984741211,308760,10238481.552886963
2019-03-26,33.34000015258789,320238,10676734.96886444
2019-03-27,31.920000076293945,420740,13430020.832099915
2019-03-28,31.639999389648438,214051,6772573.509353638
2019-03-29,32.20000076293945,304885,9817297.232608795
2019-04-01,33.439998626708984,540866,18086558.29723358
2019-04-02,33.9900016784668,256054,8703275.889778137
2019-04-03,35.29999923706055,443824,15666986.86138916
2019-04-04,35.16999816894531,319708,11244129.774597168
2019-04-05,35.33000183105469,231424,8176210.34375
2019-04-08,35.400001525878906,322374,11412040.091903687
2019-04-09,34.34000015258789,319617,10975647.828769684
2019-04-10,35.040000915527344,298585,10462418.673362732
2019-04-11,35.34000015258789,206274,7289723.191474915
2019-04-12,35.5,492871,17496920.5
2019-04-15,35.31999969482422,211143,7457570.69556427
2019-04-16,35.400001525878906,235885,8350329.359931946
2019-04-17,35.439998626708984,246247,8726993.341831207
2019-04-18,35.5,192802,6844471.0
2019-04-23,35.599998474121094,732844,26089245.2817688
2019-04-24,35.70000076293945,783706,27978304.797920227
2019-04-25,39.310001373291016,1574185,61881214.51181412
2019-04-26,40.75,1026108,41813901.0
2019-04-29,40.459999084472656,412570,16692581.822280884
2019-04-30,41.09000015258789,467930,19227243.77140045
2019-05-02,41.25,387162,15970432.5
2019-05-03,42.2400016784668,295699,12490326.256320953
2019-05-06,41.369998931884766,268401,11103749.083316803
2019-05-07,41.34000015258789,421631,17430225.604335785
2019-05-08,42.209999084472656,259545,10955394.212379456
2019-05-09,41.58000183105469,396741,16496491.506454468
2019-05-10,41.900001525878906,466054,19527663.311141968
2019-05-13,40.25,452446,18210951.5
2019-05-14,41.95000076293945,549148,23036759.018966675
2019-05-15,41.619998931884766,491016,20436085.39553833
2019-05-16,42.84000015258789,390222,16717110.539543152
2019-05-17,41.869998931884766,592764,24819028.04685974
2019-05-20,40.93000030517578,435557,17827348.142921448
2019-05-21,41.130001068115234,288786,11877768.488456726
2019-05-22,40.95000076293945,458475,18774551.599788666
2019-05-23,40.04999923706055,375627,15043861.063419342
2019-05-24,40.119998931884766,311547,12499265.307231903
2019-05-27,39.88999938964844,280989,11208651.038497925
2019-05-28,39.5099983215332,1895446,74889068.27855682
2019-05-29,38.369998931884766,477861,18335526.059589386
2019-05-30,38.97999954223633,229401,8942050.874988556
2019-05-31,38.54999923706055,457316,17629531.45109558
2019-06-03,38.650001525878906,256214,9902671.490951538
2019-06-04,37.90999984741211,249431,9455929.17193985
2019-06-05,38.599998474121094,421750,16279549.356460571
2019-06-06,38.0099983215332,383547,14578620.826229095
2019-06-07,38.290000915527344,325490,12463012.397994995
2019-06-11,38.310001373291016,426419,16336112.475597382
2019-06-12,38.22999954223633,326972,12500139.410324097
2019-06-13,37.86000061035156,361104,13671397.66040039
2019-06-14,37.59000015258789,137569,5171218.7309913635
2019-06-17,37.4900016784668,297941,11169808.590084076
2019-06-18,37.95000076293945,394634,14976360.601081848
2019-06-19,37.369998931884766,297997,11136147.571704865
2019-06-20,41.0,1111521,45572361.0
2019-06-21,41.15999984741211,1212968,49925762.69491577
2019-06-24,40.75,483917,19719617.75
2019-06-25,40.13999938964844,398346,15989608.196868896
2019-06-26,39.52000045776367,244321,9655566.031841278
2019-06-27,39.5,359159,14186780.5
2019-06-28,39.88999938964844,403969,16114323.16343689
2019-07-01,39.400001525878906,446405,17588357.681159973
2019-07-02,39.189998626708984,361667,14173729.233325958
2019-07-03,39.25,349753,13727805.25
2019-07-04,39.36000061035156,330804,13020445.641906738
2019-07-05,40.0099983215332,379265,15174392.01341629
2019-07-08,39.220001220703125,329988,12942129.762817383
2019-07-09,39.33000183105469,236953,9319361.923873901
2019-07-10,39.52000045776367,302860,11969027.338638306
2019-07-11,39.849998474121094,256409,10217898.258750916
2019-07-12,39.970001220703125,365692,14616709.686401367
2019-07-15,41.0,430332,17643612.0
2019-07-16,40.70000076293945,324026,13187858.44721222
2019-07-17,40.540000915527344,311049,12609926.744773865
2019-07-18,40.5099983215332,370738,15018595.757728577
2019-07-19,40.70000076293945,286900,11676830.21888733
2019-07-22,41.0099983215332,364703,14956469.417858124
2019-07-23,40.97999954223633,234485,9609195.192661285
2019-07-24,41.119998931884766,239725,9857491.743946075
2019-07-25,40.43000030517578,390171,15774613.64907074
2019-07-26,40.88999938964844,186057,7607870.616439819
2019-07-29,42.91999816894531,1028312,44135149.15710449
2019-07-30,42.5,529059,22485007.5
2019-07-31,43.58000183105469,773626,33714622.49655151
2019-08-01,45.58000183105469,517662,23595034.90786743
2019-08-02,44.5,364168,16205476.0
2019-08-05,42.290000915527344,540356,22851655.734710693
2019-08-06,43.5099983215332,475266,20678822.8622818
2019-08-07,44.41999816894531,636674,28281057.914215088
2019-08-08,45.83000183105469,498307,22837410.72242737
2019-08-09,46.15999984741211,416778,19238472.416404724
2019-08-12,45.5099983215332,282716,12866404.685470581
2019-08-13,45.400001525878906,355015,16117681.5417099
2019-08-14,44.849998474121094,289319,12975956.70853424
2019-08-15,43.68000030517578,341265,14906455.304145813
2019-08-16,44.20000076293945,548813,24257535.01871109
2019-08-19,44.970001220703125,244893,11012838.50894165
2019-08-20,45.0099983215332,451967,20343033.911388397
2019-08-21,46.630001068115234,354878,16547961.519050598
2019-08-22,45.470001220703125,231483,10525532.292572021
2019-08-23,44.83000183105469,223228,10007311.648742676
2019-08-26,44.43000030517578,263416,11703572.960388184
2019-08-27,44.029998779296875,348786,15357047.15423584
2019-08-28,43.779998779296875,272893,11947255.206878662
2019-08-29,44.77000045776367,311557,13948407.032619476
2019-08-30,45.959999084472656,352715,16210781.077079773
2019-09-02,46.0,139501,6417046.0
2019-09-03,45.470001220703125,369592,16805348.69116211
2019-09-04,44.790000915527344,672721,30131174.20589447
2019-09-05,45.58000183105469,470533,21446895.001571655
2019-09-06,46.38999938964844,394432,18297700.239257812
2019-09-09,45.36000061035156,383885,17413023.83430481
2019-09-10,44.619998931884766,468168,20889655.659942627
2019-09-11,44.650001525878906,280444,12521825.027923584
2019-09-12,45.11000061035156,301529,13601973.374038696
2019-09-13,44.58000183105469,263244,11735418.00201416
2019-09-16,43.2599983215332,381389,16498887.499851227
2019-09-17,43.029998779296875,400010,17212429.811706543
2019-09-18,42.650001525878906,455532,19428440.49508667
2019-09-19,42.31999969482422,510138,21589040.004318237
2019-09-20,41.880001068115234,711112,29781371.31954956
2019-09-23,41.630001068115234,227690,9478734.943199158
2019-09-24,41.47999954223633,228344,9471709.015472412
2019-09-25,41.52000045776367,344062,14285454.397499084
2019-09-26,41.349998474121094,219301,9068096.01537323
2019-09-27,41.2599983215332,168574,6955362.957054138
2019-09-30,40.7599983215332,330000,13450799.446105957
2019-10-01,40.65999984741211,428234,17411994.374656677
2019-10-02,39.91999816894531,525183,20965304.398361206
2019-10-04,40.189998626708984,324918,13058453.97379303
2019-10-07,39.47999954223633,285246,11261511.949424744
2019-10-08,38.900001525878906,254921,9916427.288978577
2019-10-09,39.29999923706055,252706,9931345.607200623
2019-10-10,39.779998779296875,541498,21540789.7789917
2019-10-11,40.36000061035156,475581,19194449.450271606
2019-10-14,39.900001525878906,223557,8919924.64112091
2019-10-15,40.970001220703125,335851,13759815.879974365
2019-10-16,42.2599983215332,598554,25294891.035346985
2019-10-17,43.5,597409,25987291.5
2019-10-18,42.54999923706055,381435,16230058.95898819
2019-10-21,42.5,336178,14287565.0
2019-10-22,43.959999084472656,628492,27628507.74459839
2019-10-23,43.70000076293945,281921,12319947.915088654
2019-10-24,43.9900016784668,207873,9144333.618907928
2019-10-25,44.349998474121094,182097,8076001.672142029
2019-10-28,44.970001220703125,205938,9261032.11138916
2019-10-29,44.38999938964844,402933,17886195.624069214
2019-10-30,44.119998931884766,566536,24995567.714874268
2019-10-31,42.029998779296875,1233265,51834126.44454956
2019-11-01,41.529998779296875,590928,24541239.118652344
2019-11-04,41.0,395576,16218616.0
2019-11-05,42.15999984741211,484174,20412775.76612091
2019-11-06,42.869998931884766,580159,24871415.710323334
2019-11-07,43.560001373291016,347140,15121418.876724243
2019-11-08,44.130001068115234,536636,23681747.253189087
2019-11-11,43.0,313633,13486219.0
2019-11-12,43.18000030517578,317195,13696480.196800232
2019-11-13,43.40999984741211,287211,12467829.46617508
2019-11-14,43.650001525878906,182982,7987164.579208374
2019-11-15,43.709999084472656,206383,9021000.74105072
2019-11-18,43.689998626708984,210263,9186390.181247711
2019-11-19,44.16999816894531,270892,11965299.143981934
2019-11-20,44.970001220703125,240491,10814880.563568115
2019-11-21,45.029998779296875,232316,10461189.196411133
2019-11-22,45.060001373291016,215736,9721064.45626831
2019-11-25,45.369998931884766,231130,10486367.853126526
2019-11-26,46.40999984741211,424290,19691298.835258484
2019-11-27,47.2599983215332,340853,16108712.207889557
2019-11-28,47.40999984741211,207014,9814533.70841217
2019-11-29,48.0,503669,24176112.0
2019-12-02,48.0,579523,27817104.0
2019-12-03,48.09000015258789,447332,21512195.948257446
2019-12-04,48.400001525878906,271148,13123563.613739014
2019-12-05,48.709999084472656,273793,13336456.779335022
2019-12-06,49.33000183105469,278326,13729822.089630127
2019-12-09,49.43000030517578,480885,23770145.696754456
2019-12-10,49.29999923706055,351695,17338563.23167801
2019-12-11,49.88999938964844,406240,20267313.35205078
2019-12-12,50.15999984741211,235552,11815288.284057617
2019-12-13,61.84000015258789,2404018,148664473.48682404
2019-12-16,64.5,1050182,67736739.0
2019-12-17,65.0,913786,59396090.0
2019-12-18,66.5,712589,47387168.5
2019-12-19,68.04000091552734,597556,40657710.78707886
2019-12-20,69.0,693362,47841978.0
2019-12-23,69.73999786376953,461313,32171967.634529114
2019-12-27,70.66000366210938,292303,20654131.050445557
2019-12-30,70.55999755859375,229189,16171575.280456543
2020-01-02,70.80000305175781,644162,45606671.565826416
2020-01-03,70.9800033569336,357923,25405375.741523743
2020-01-06,67.5,536668,36225090.0
2020-01-07,66.0,691900,45665400.0
2020-01-08,66.0,483867,31935222.0
2020-01-09,65.69999694824219,468511,30781171.270217896
2020-01-10,65.5999984741211,340526,22338505.08039856
2020-01-13,65.68000030517578,318533,20921247.537208557
2020-01-14,68.08000183105469,400740,27282379.933776855
2020-01-15,71.0,363399,25801329.0
2020-01-16,69.9800033569336,1545296,108139819.26745605
2020-01-17,70.0,466353,32644710.0
2020-01-20,68.4000015258789,379116,25931534.978485107
2020-01-21,68.26000213623047,450623,30759526.942634583
2020-01-22,68.83999633789062,350950,24159396.714782715
2020-01-23,68.76000213623047,376635,25897423.404579163
2020-01-24,70.0,457945,32056150.0
2020-01-27,68.23999786376953,475489,32447368.34424591
2020-01-28,69.66000366210938,487467,33956953.00515747
2020-01-29,70.45999908447266,288650,20338278.735733032
2020-01-30,70.22000122070312,345366,24251600.941589355
2020-01-31,69.62000274658203,367238,25567110.568649292
2020-02-03,71.5,420238,30047017.0
2020-02-04,72.19999694824219,387537,27980170.217330933
2020-02-05,74.68000030517578,622824,46512496.5100708
2020-02-06,75.23999786376953,670134,50420880.72843933
2020-02-07,72.63999938964844,498694,36225131.85562134
2020-02-10,75.0,426990,32024250.0
2020-02-11,78.63999938964844,1124366,88420141.55374146
2020-02-12,81.33999633789062,1154899,93939480.43063354
2020-02-13,80.0,630705,50456400.0
2020-02-14,79.26000213623047,386843,30661177.006385803
2020-02-17,79.0,198223,15659617.0
2020-02-18,79.0,216987,17141973.0
2020-02-19,80.05999755859375,204658,16384918.98034668
2020-02-20,78.16000366210938,413106,32288366.472839355
2020-02-21,76.30000305175781,405824,30964372.438476562
2020-02-24,72.76000213623047,649105,47228881.18663788
2020-02-25,71.91999816894531,534147,38415851.26194763
2020-02-26,71.4000015258789,633782,45252035.767074585
2020-02-27,68.44000244140625,555012,37985022.635009766
2020-02-28,68.0,1050938,71463784.0
2020-03-02,68.41999816894531,857405,58663648.530044556
2020-03-03,70.45999908447266,490260,34543719.151153564
2020-03-04,71.27999877929688,372017,26517371.305877686
2020-03-05,71.58000183105469,488385,34958599.19425964
2020-03-06,67.45999908447266,503212,33946681.059295654
2020-03-09,64.0,672897,43065408.0
2020-03-10,64.04000091552734,614928,39379989.6829834
2020-03-11,61.439998626708984,596994,36679310.5401535
2020-03-12,57.86000061035156,1065630,61657352.450408936
2020-03-13,60.13999938964844,970034,58337844.16793823
2020-03-16,55.47999954223633,1124607,62393195.84519577
2020-03-17,59.58000183105469,801505,47753669.36759949
2020-03-18,59.0,832004,49088236.0
2020-03-19,60.7599983215332,1024094,62223949.721092224
2020-03-20,66.0,2125766,140300556.0
2020-03-23,66.76000213623047,778749,51989284.90358734
2020-03-24,68.66000366210938,629327,43209594.12466431
2020-03-25,73.08000183105469,651107,47582900.752212524
2020-03-26,72.23999786376953,598761,43254493.36090851
2020-03-27,69.19999694824219,524642,36305224.79891968
2020-03-30,66.69999694824219,406678,27125421.358917236
2020-03-31,67.95999908447266,754688,51288595.7890625
2020-04-01,68.26000213623047,376652,25710266.32461548
2020-04-02,65.69999694824219,351506,23093943.12728882
2020-04-03,65.76000213623047,317980,20910365.479278564
2020-04-06,65.5,525789,34439179.5
2020-04-07,65.44000244140625,563184,36854762.33496094
2020-04-08,65.36000061035156,349970,22874039.413604736
2020-04-09,62.880001068115234,918343,57745408.82089615
2020-04-14,66.62000274658203,528327,35197146.191093445
2020-04-15,66.08000183105469,336914,22263277.73690796
2020-04-16,69.27999877929688,490257,33965004.36154175
2020-04-17,69.23999786376953,524934,36346429.038619995
2020-04-20,69.58000183105469,235811,16407729.811782837
2020-04-21,67.95999908447266,261722,17786626.880386353
2020-04-22,70.87999725341797,435089,30839107.12499237
2020-04-23,71.5199966430664,286256,20473028.159057617
2020-04-24,74.26000213623047,281262,20886516.720840454
2020-04-27,75.9800033569336,458538,34839718.779281616
2020-04-28,78.44000244140625,492886,38661979.04333496
2020-04-29,78.69999694824219,466099,36681989.877578735
2020-04-30,77.0,401306,30900562.0
2020-05-04,76.23999786376953,374535,28554547.59990692
2020-05-05,80.37999725341797,400880,32222733.298950195
2020-05-06,81.5,314329,25617813.5
2020-05-07,85.72000122070312,602277,51627185.175201416
2020-05-08,87.41999816894531,330431,28886277.41496277
2020-05-11,88.0,305901,26919288.0
2020-05-12,87.04000091552734,629160,54762086.97601318
2020-05-13,86.18000030517578,469451,40457287.323265076
2020-05-14,82.23999786376953,593084,48775226.89303589
2020-05-15,83.5,388991,32480748.5
2020-05-18,83.26000213623047,346698,28866076.22062683
2020-05-19,83.31999969482422,532298,44351069.19755554
2020-05-20,86.0,425345,36579670.0
2020-05-21,89.0,391214,34818046.0
2020-05-22,90.73999786376953,503772,45712270.203826904
2020-05-25,89.0,263419,23444291.0
2020-05-26,87.5199966430664,305452,26733158.01461792
2020-05-27,82.0,598849,49105618.0
2020-05-28,85.95999908447266,571912,49161554.996398926
2020-05-29,86.18000030517578,2072655,178621408.5325241
2020-06-02,87.0999984741211,675482,58834481.169296265
2020-06-03,86.30000305175781,509728,43989527.955566406
2020-06-04,86.37999725341797,461316,39848474.81295776
2020-06-05,85.45999908447266,448001,38286165.049842834
2020-06-08,83.26000213623047,439614,36602262.57911682
2020-06-09,84.80000305175781,356254,30210340.287200928
2020-06-10,84.55999755859375,591152,49987811.67675781
2020-06-11,84.18000030517578,575838,48474043.01573181
2020-06-12,84.30000305175781,410694,34621505.45333862
2020-06-15,82.5,384413,31714072.5
2020-06-16,86.55999755859375,562724,48709388.06616211
2020-06-17,89.9000015258789,361854,32530675.152145386
2020-06-18,90.86000061035156,493595,44848042.00126648
2020-06-19,90.26000213623047,848812,76613772.93325806
2020-06-22,90.19999694824219,314664,28382691.83972168
2020-06-23,92.36000061035156,466311,43068484.24461365
2020-06-24,91.30000305175781,425937,38888049.39985657
2020-06-25,95.63999938964844,694290,66401895.17623901
2020-06-26,92.76000213623047,473740,43944123.41201782
2020-06-29,90.83999633789062,318380,28921638.034057617
2020-06-30,90.95999908447266,343102,31208557.605880737
2020-07-01,96.73999786376953,770436,74531976.99417114
2020-07-02,98.0,468387,45901926.0
2020-07-03,102.6500015258789,612835,62907513.685112
2020-07-06,103.5,490867,50804734.5
2020-07-07,103.1500015258789,220155,22708988.58592987
2020-07-08,99.5999984741211,842383,83901345.51462555
2020-07-09,99.08000183105469,582286,57692897.94619751
2020-07-10,95.13999938964844,508053,48336162.10990906
2020-07-13,95.76000213623047,383093,36684986.49837494
2020-07-14,91.54000091552734,530889,48597579.546043396
2020-07-15,94.30000305175781,540529,50971886.3495636
2020-07-16,93.9800033569336,437177,41085895.92757416
2020-07-17,95.23999786376953,340649,32443410.032295227
2020-07-20,96.69999694824219,286912,27744389.524414062
2020-07-21,97.58000183105469,502505,49034438.820114136
2020-07-22,97.62000274658203,336391,32838490.343925476
2020-07-23,97.19999694824219,257903,25068170.812942505
2020-07-24,89.76000213623047,662310,59448947.0148468
2020-07-27,94.5,400351,37833169.5
2020-07-28,96.76000213623047,670007,64829878.75128937
2020-07-29,97.69999694824219,327104,31958059.801757812
2020-07-30,96.0,346494,33263424.0
2020-07-31,97.76000213623047,637429,62315060.40169525
2020-08-03,101.5999984741211,573188,58235899.92538452
2020-08-04,99.69999694824219,466441,46504166.276535034
2020-08-05,99.37999725341797,290472,28867106.562194824
2020-08-06,98.5,319021,31423568.5
2020-08-07,101.80000305175781,395392,40250906.806640625
2020-08-10,98.45999908447266,269461,26531129.813301086
2020-08-11,95.44000244140625,524537,50061812.56060791
2020-08-12,98.72000122070312,396224,39115233.763671875
2020-08-13,102.94999694824219,525264,54075927.197021484
2020-08-14,99.26000213623047,376017,37323448.22325897
2020-08-17,102.80000305175781,351398,36123715.47238159
2020-08-18,102.25,425198,43476495.5
2020-08-19,100.0999984741211,368997,36936599.13695526
2020-08-20,98.41999816894531,599907,59042845.841537476
2020-08-21,94.95999908447266,3349395,318058546.1335373
2020-08-24,94.31999969482422,676665,63823042.59349823
2020-08-25,93.91999816894531,617669,58011471.34901428
2020-08-26,95.31999969482422,422729,40294528.15099335
2020-08-27,90.81999969482422,796273,72317513.61699677
2020-08-28,90.0,882798,79451820.0
2020-08-31,90.0199966430664,568042,51135138.93312073
2020-09-01,92.0,558786,51408312.0
2020-09-02,94.68000030517578,807263,76431661.08635712
2020-09-03,87.19999694824219,776673,67725883.2297821
2020-09-04,86.95999908447266,1058228,92023505.91116333
2020-09-07,90.0199966430664,496086,44657660.05467224
2020-09-08,89.22000122070312,710333,63375911.12710571
2020-09-09,90.66000366210938,403513,36582490.05770874
2020-09-10,90.5199966430664,370614,33547978.035873413
2020-09-11,90.0,323552,29119680.0
2020-09-14,90.54000091552734,246702,22336399.305862427
2020-09-15,90.45999908447266,342743,31004531.46620941
2020-09-16,89.0,396061,35249429.0
2020-09-17,91.0999984741211,448232,40833934.516052246
2020-09-18,90.95999908447266,862264,78431532.65057373
2020-09-21,89.66000366210938,434405,38948753.89083862
2020-09-22,93.69999694824219,480393,45012822.63395691
2020-09-23,96.0,486964,46748544.0
2020-09-24,97.12000274658203,691156,67125072.61831665
2020-09-25,96.81999969482422,493139,47745717.82950592
2020-09-28,97.31999969482422,460117,44778586.299583435
2020-09-29,99.08000183105469,485315,48085011.088638306
2020-09-30,98.12000274658203,479979,47095540.7983017
2020-10-01,98.80000305175781,566820,56001817.72979736
2020-10-02,98.5,469760,46271360.0
2020-10-05,98.27999877929688,288237,28327932.008148193
2020-10-06,99.0,392008,38808792.0
2020-10-07,98.5199966430664,334803,32984790.436088562
2020-10-08,95.30000305175781,434962,41451879.92739868
2020-10-09,98.80000305175781,382783,37818961.56816101
2020-10-12,99.04000091552734,288268,28550062.983917236
2020-10-13,99.19999694824219,279624,27738699.946655273
2020-10-14,103.8499984741211,761681,79100570.68776703
2020-10-15,101.3499984741211,473230,47961859.777908325
2020-10-16,103.5999984741211,442004,45791613.72555542
2020-10-19,100.4000015258789,375344,37684538.17272949
2020-10-20,98.41999816894531,376952,37099615.14978027
2020-10-21,94.5,579828,54793746.0
2020-10-22,92.4800033569336,495154,45791843.5821991
2020-10-23,91.66000366210938,549967,50409977.23403931
2020-10-26,92.5999984741211,508705,47106082.22377777
2020-10-27,95.72000122070312,629302,60236788.20819092
2020-10-28,97.31999969482422,1105819,107618304.74253082
2020-10-29,100.25,981162,98361490.5
2020-10-30,98.77999877929688,907471,89639984.27224731
2020-11-02,96.86000061035156,734455,71139311.74827576
2020-11-03,98.55999755859375,606695,59795857.718811035
2020-11-04,106.25,910328,96722350.0
2020-11-05,114.80000305175781,958980,110090906.9265747
2020-11-06,112.3499984741211,830508,93307572.53274536
2020-11-09,105.80000305175781,1419038,150134224.7305603
2020-11-10,107.1500015258789,2067646,221548272.05497742
2020-11-11,105.0,915422,96119310.0
2020-11-12,105.9000015258789,636801,67437226.87168121
2020-11-13,99.0,2911189,288207711.0
2020-11-16,96.26000213623047,1460612,140598514.24020386
2020-11-17,95.62000274658203,631238,60358979.29374695
2020-11-18,95.91999816894531,647865,62143209.613723755
2020-11-19,99.5,589282,58633559.0
2020-11-20,101.0999984741211,561111,56728321.24381256
2020-11-23,96.5999984741211,741408,71620011.66870117
2020-11-24,94.95999908447266,820258,77891698.92903137
2020-11-25,96.94000244140625,757963,73476935.0704956
2020-11-26,98.18000030517578,486817,47795693.20856476
2020-11-27,99.0,493825,48888675.0
2020-11-30,101.25,1269592,128546190.0
2020-12-01,99.4800033569336,476656,47417740.48010254
2020-12-02,98.83999633789062,494711,48897233.42831421
2020-12-03,99.26000213623047,546156,54211445.72671509
2020-12-04,99.76000213623047,463745,46263202.1906662
2020-12-07,100.0999984741211,446291,44673728.41901398
2020-12-08,98.5,500768,49325648.0
2020-12-09,105.0999984741211,968150,101752563.52272034
2020-12-10,108.30000305175781,751705,81409653.7940216
2020-12-11,109.5,756164,82799958.0
2020-12-14,114.6500015258789,850875,97552820.04833221
2020-12-15,112.0,562534,63003808.0
2020-12-16,118.3499984741211,858903,101651168.73941803
2020-12-17,119.55000305175781,580245,69368291.52076721
2020-12-18,119.0,939048,111746712.0
2020-12-21,118.80000305175781,515063,61189485.971847534
2020-12-22,119.0999984741211,345384,41135233.87298584
2020-12-23,118.44999694824219,293680,34786395.103759766
2020-12-28,129.25,957349,123737358.25
2020-12-29,125.5,525696,65974848.0
2020-12-30,127.0,241737,30700599.0
2021-01-04,136.5500030517578,884186,120735600.99832153
2021-01-05,144.10000610351562,1006999,145108562.04623413
2021-01-06,138.35000610351562,672157,92992925.05252075
2021-01-07,134.39999389648438,1260059,169351921.9092102
2021-01-08,135.5500030517578,730508,99020361.6293335
2021-01-11,132.35000610351562,864670,114439079.77752686
2021-01-12,133.9499969482422,716040,95913555.81481934
2021-01-13,129.0,988577,127526433.0
2021-01-14,128.3000030517578,753961,96733198.60090637
2021-01-15,126.94999694824219,742369,94243742.2844696
2021-01-18,130.0500030517578,436711,56794266.882736206
2021-01-19,129.85000610351562,561218,72874160.72540283
2021-01-20,131.14999389648438,494937,64910984.52914429
2021-01-21,135.85000610351562,564474,76683796.34527588
2021-01-22,137.1999969482422,497039,68193749.28315735
2021-01-25,137.75,742960,102342740.0
2021-01-26,133.5,494540,66021090.0
2021-01-27,127.1500015258789,1348041,171403415.20694733
2021-01-28,125.6500015258789,623763,78375821.9017868
2021-01-29,125.5,686469,86151859.5
2021-02-01,125.4000015258789,625594,78449488.55458069
2021-02-02,128.64999389648438,618039,79510713.5777893
2021-02-03,131.64999389648438,517666,68150725.74041748
2021-02-04,129.5500030517578,772274,100048099.05679321
2021-02-05,131.8000030517578,435891,57450435.130233765
2021-02-08,129.8000030517578,425939,55286883.49986267
2021-02-09,133.3000030517578,510255,68016993.05717468
2021-02-10,129.35000610351562,514421,66540359.48977661
2021-02-11,131.0,279105,36562755.0
2021-02-12,131.6999969482422,321992,42406345.4173584
2021-02-15,130.8000030517578,323593,42325965.387527466
2021-02-16,129.1999969482422,437560,56532750.66467285
2021-02-17,124.0,676709,83911916.0
2021-02-18,121.80000305175781,498132,60672479.12017822
2021-02-19,121.69999694824219,650226,79132502.21566772
2021-02-22,113.44999694824219,929674,105471512.4628601
2021-02-23,112.5,1001255,112641187.5
2021-02-24,109.0999984741211,644418,70306002.81669617
2021-02-25,108.44999694824219,847834,91947594.71261597
2021-02-26,105.69999694824219,734844,77673008.55743408
2021-03-01,108.4000015258789,751684,81482546.74697876
2021-03-02,105.94999694824219,586866,62178450.9090271
2021-03-03,101.94999694824219,836421,85273118.39744568
2021-03-04,103.3499984741211,927913,95899807.13411713
2021-03-05,103.0999984741211,1027697,105955559.13185883
2021-03-08,102.3499984741211,884317,90509843.60063934
2021-03-09,107.0999984741211,1227676,131484097.72671509
2021-03-10,103.8499984741211,1180996,122646432.79794312
2021-03-11,107.9000015258789,722288,77934876.30212402
2021-03-12,103.80000305175781,639766,66407712.75241089
2021-03-15,104.80000305175781,476677,49955751.05470276
2021-03-16,108.0,745876,80554608.0
2021-03-17,104.55000305175781,614501,64246081.42530823
2021-03-18,105.5,733757,77411363.5
2021-03-19,110.25,2522920,278151930.0
2021-03-22,111.9000015258789,724950,81121906.10618591
2021-03-23,112.5,650301,73158862.5
2021-03-24,109.25,571293,62413760.25
2021-03-25,107.4000015258789,635767,68281376.77010345
2021-03-26,111.0,438514,48675054.0
2021-03-29,108.19999694824219,689833,74639928.49479675
2021-03-30,109.44999694824219,565902,61937972.17300415
2021-03-31,110.5,838442,92647841.0
2021-04-01,114.75,680168,78049278.0
2021-04-06,113.3499984741211,442245,50128470.07518768
2021-04-07,113.9000015258789,483032,55017345.53704834
2021-04-08,116.75,482392,56319266.0
2021-04-09,119.80000305175781,559249,66998031.906692505
2021-04-12,120.25,554950,66732737.5
2021-04-13,124.25,662294,82290029.5
2021-04-14,124.9000015258789,495448,61881455.95599365
2021-04-15,127.0,481446,61143642.0
2021-04-16,128.4499969482422,692741,88982579.33592224
2021-04-19,130.9499969482422,539021,70584798.30503845
2021-04-20,128.75,638282,82178807.5
2021-04-21,126.8499984741211,507947,64433076.17493439
2021-04-22,128.14999389648438,508338,65143511.597351074
2021-04-23,129.9499969482422,263590,34253519.69558716
2021-04-26,130.64999389648438,450362,58839792.551208496
2021-04-27,128.0500030517578,497171,63662748.06724548
2021-04-28,140.0500030517578,1387485,194317278.4842682
2021-04-29,135.75,841907,114288875.25
2021-04-30,132.0500030517578,672841,88848656.10334778
2021-05-03,131.8000030517578,336067,44293631.62559509
2021-05-04,127.9000015258789,580443,74238660.58568573
2021-05-05,122.5,1338589,163977152.5
2021-05-06,120.8499984741211,813882,98357638.45811462
2021-05-07,125.25,784913,98310353.25
2021-05-10,117.55000305175781,573051,67362146.79881287
2021-05-11,113.94999694824219,879453,100213666.66612244
2021-05-12,106.9000015258789,1261956,134903098.32559204
2021-05-13,106.69999694824219,741442,79111859.13729858
2021-05-14,104.75,1013925,106208643.75
2021-05-17,103.3499984741211,653387,67527545.45301056
2021-05-18,105.9000015258789,1280564,135611729.5539856
2021-05-19,102.1500015258789,721556,73706946.50100708
2021-05-20,105.6500015258789,538306,56872029.72138977
2021-05-21,104.19999694824219,597647,62274815.5761261
2021-05-25,109.44999694824219,742092,81221967.13531494
2021-05-26,110.30000305175781,560936,61871242.51184082
2021-05-27,109.55000305175781,2717393,297690411.4428253
2021-05-28,111.25,331330,36860462.5
2021-05-31,112.5,249772,28099350.0
2021-06-01,113.4000015258789,476679,54055399.32735443
2021-06-02,110.6500015258789,501220,55459993.764801025
2021-06-03,109.0,419500,45725500.0
2021-06-04,111.1500015258789,539154,59926967.922683716
2021-06-07,110.8499984741211,374463,41509222.97861481
2021-06-08,112.25,330925,37146331.25
2021-06-09,110.55000305175781,423330,46799132.791900635
2021-06-10,109.9000015258789,475907,52302180.02617645
2021-06-11,111.05000305175781,351033,38982215.7212677
2021-06-14,111.1500015258789,509104,56586910.376831055
2021-06-15,109.5,428324,46901478.0
2021-06-16,109.4000015258789,483512,52896213.53778076
2021-06-17,109.0,611704,66675736.0
2021-06-18,107.94999694824219,1858881,200666198.2771454
2021-06-21,107.4000015258789,517581,55588200.18976593
2021-06-22,108.0,396269,42797052.0
2021-06-23,106.0,361471,38315926.0
2021-06-24,108.75,472751,51411671.25
2021-06-25,108.44999694824219,254910,27644988.722076416
2021-06-28,110.4000015258789,243514,26883945.971572876
2021-06-29,114.25,440873,50369740.25
2021-06-30,111.4000015258789,365572,40724721.3578186
2021-07-01,113.4000015258789,413656,46908591.031188965
2021-07-02,117.3499984741211,446550,52402641.818618774
2021-07-05,116.4000015258789,267318,31115815.607894897
2021-07-06,119.6500015258789,348242,41667155.83137512
2021-07-07,123.9000015258789,570547,70690774.17058563
2021-07-08,121.8499984741211,519378,63286208.507492065
2021-07-09,119.1500015258789,416888,49672205.836120605
2021-07-12,122.69999694824219,329207,40393697.895339966
2021-07-13,123.3499984741211,310051,38244790.37689972
2021-07-14,122.9000015258789,386218,47466192.7893219
2021-07-15,122.4000015258789,544136,66602247.230285645
2021-07-16,121.8499984741211,421462,51355144.056900024
2021-07-19,121.19999694824219,436641,52920887.86747742
2021-07-20,120.55000305175781,350918,42303165.97091675
2021-07-21,121.30000305175781,353301,42855412.37818909
2021-07-22,128.10000610351562,666398,85365587.8673706
2021-07-23,129.39999389648438,349287,45197735.66812134
2021-07-26,127.75,257925,32949918.75
2021-07-27,123.80000305175781,344704,42674356.251953125
2021-07-28,125.1500015258789,355895,44540259.79305267
2021-07-29,125.0,320133,40016625.0
2021-07-30,126.19999694824219,316510,39943561.034088135
2021-08-02,128.1999969482422,256766,32917400.416412354
2021-08-03,127.44999694824219,280324,35727292.94451904
2021-08-04,130.10000610351562,428213,55710513.91360474
2021-08-05,131.0,306251,40118881.0
2021-08-06,131.14999389648438,381433,50024935.621917725
2021-08-09,126.94999694824219,454228,57664243.21380615
2021-08-10,126.94999694824219,335306,42567095.676727295
2021-08-11,125.94999694824219,371291,46764100.31690979
2021-08-12,116.4000015258789,1087444,126578483.25930786
2021-08-13,116.0,692083,80281628.0
2021-08-16,114.94999694824219,369408,42463448.47265625
2021-08-17,114.80000305175781,403531,46325360.03147888
2021-08-18,115.69999694824219,406206,46998032.960357666
2021-08-19,116.5999984741211,396477,46229217.59502411
2021-08-20,115.75,266408,30836726.0
2021-08-23,118.05000305175781,215990,25497620.15914917
2021-08-24,124.75,596271,74384807.25
2021-08-25,123.19999694824219,614080,75654654.12597656
2021-08-26,119.25,478734,57089029.5
2021-08-27,120.0,359706,43164720.0
2021-08-30,118.30000305175781,266300,31503290.812683105
2021-08-31,122.5999984741211,1186537,145469434.38948822
2021-09-01,130.1999969482422,671382,87413934.35110474
2021-09-02,131.8000030517578,530022,69856901.21749878
2021-09-03,129.25,552010,71347292.5
2021-09-06,131.85000610351562,227437,29987569.838165283
2021-09-07,132.10000610351562,442920,58509734.70336914
2021-09-08,130.0,451746,58726980.0
2021-09-09,131.39999389648438,360172,47326598.60168457
2021-09-10,131.39999389648438,442727,58174325.09780884
2021-09-13,129.0,330985,42697065.0
2021-09-14,126.75,653884,82879797.0
2021-09-15,124.30000305175781,471674,58629079.639434814
2021-09-16,123.8499984741211,359575,44533363.20133209
2021-09-17,123.30000305175781,966032,119111748.5480957
2021-09-20,118.4000015258789,576207,68222909.6792221
2021-09-21,119.8499984741211,343311,41145822.82614899
2021-09-22,120.19999694824219,277034,33299485.954559326
2021-09-23,120.0999984741211,237138,28480273.438156128
2021-09-24,117.6500015258789,323023,38003656.44289398
2021-09-27,116.5999984741211,366395,42721656.4409256
2021-09-28,113.44999694824219,541625,61447354.597091675
2021-09-29,112.75,344674,38861993.5
2021-09-30,110.44999694824219,522465,57706257.655563354
2021-10-01,109.55000305175781,657831,72065388.0575409
2021-10-04,105.25,473594,49845768.5
2021-10-05,105.4000015258789,745152,78539021.93701172
2021-10-06,103.5,767265,79411927.5
2021-10-07,107.1500015258789,558403,59832882.30205536
2021-10-08,108.0,500887,54095796.0
2021-10-11,107.6500015258789,521225,56109872.04532623
2021-10-12,109.3499984741211,516366,56464621.31208801
2021-10-13,110.94999694824219,566073,62805797.6224823
2021-10-14,110.5,476754,52681317.0
2021-10-15,114.5999984741211,425316,48741212.95101929
2021-10-18,114.19999694824219,251380,28707595.23284912
2021-10-19,115.6500015258789,313164,36217417.07785034
2021-10-20,117.1500015258789,252765,29611420.13568878
2021-10-21,118.80000305175781,279835,33244398.853988647
2021-10-22,114.4000015258789,367309,42020150.160469055
2021-10-25,112.3499984741211,320629,36022667.66075897
2021-10-26,114.25,308091,35199396.75
2021-10-27,110.6500015258789,345007,38175025.076438904
2021-10-28,110.55000305175781,339422,37523103.13583374
2021-10-29,107.55000305175781,396880,42684445.21118164
2021-11-01,107.4000015258789,369206,39652724.96336365
2021-11-02,107.75,357321,38501337.75
2021-11-03,108.0,273411,29528388.0
2021-11-04,109.55000305175781,308692,33817209.54205322
2021-11-05,107.5999984741211,394150,42410539.39857483
2021-11-08,106.94999694824219,228114,24396791.60385132
2021-11-09,109.75,429071,47090542.25
2021-11-10,111.9000015258789,574420,64277598.87649536
2021-11-11,113.5,527660,59889410.0
2021-11-12,118.75,638226,75789337.5
2021-11-15,121.44999694824219,407557,49497796.40623474
2021-11-16,126.0,632729,79723854.0
2021-11-17,128.5,574365,73805902.5
2021-11-18,126.69999694824219,700637,88770705.76182556
2021-11-19,128.3000030517578,675525,86669859.5615387
2021-11-22,125.0,504369,63046125.0
2021-11-23,119.0,633746,75415774.0
2021-11-24,118.30000305175781,493736,58408970.306762695
2021-11-25,113.69999694824219,492777,56028743.39616394
2021-11-26,116.94999694824219,781073,91346484.96635437
2021-11-29,119.30000305175781,564364,67328626.92230225
2021-11-30,117.69999694824219,775878,91320838.23220825
2021-12-01,115.75,420070,48623102.5
2021-12-02,107.4000015258789,1087065,116750782.65872955
2021-12-03,102.44999694824219,987612,101180846.38604736
2021-12-06,99.80000305175781,1302652,130004673.57537842
2021-12-07,99.80000305175781,0,0.0
2021-12-08,109.25,644928,70458384.0
2021-12-09,107.05000305175781,698461,74770252.18153381
2021-12-10,103.8499984741211,491667,51059617.199775696
2021-12-13,100.25,426141,42720635.25
2021-12-14,96.95999908447266,695783,67463119.04299164
2021-12-15,95.13999938964844,589458,56081033.76022339
2021-12-16,93.68000030517578,885639,82966661.79027557
2021-12-17,91.5999984741211,1389166,127247603.4803009
2021-12-20,89.16000366210938,725413,64677825.73654175
2021-12-21,92.26000213623047,616195,56850152.01633453
2021-12-22,99.05999755859375,1301919,128968092.96148682
2021-12-23,98.41999816894531,401893,39554308.32411194
2021-12-27,98.4000015258789,285022,28046165.234909058
2021-12-28,98.23999786376953,169432,16644999.3180542
2021-12-29,97.66000366210938,280898,27432499.7086792
2021-12-30,98.0,209971,20577158.0
2022-01-03,98.86000061035156,525827,51983257.54093933
2022-01-04,92.5,1014560,93846800.0
2022-01-05,89.76000213623047,628485,56412814.942588806
2022-01-06,84.86000061035156,1443084,122460109.12078857
2022-01-07,85.0999984741211,629771,53593511.139045715
2022-01-10,81.94000244140625,695688,57004676.41845703
2022-01-11,86.0,1324526,113909236.0
2022-01-12,85.5,944073,80718241.5
2022-01-13,83.66000366210938,864643,72336036.54641724
2022-01-14,78.5199966430664,1135749,89179007.66736603
2022-01-17,78.0,772707,60271146.0
2022-01-18,76.94000244140625,1232972,94864868.69018555
2022-01-19,78.54000091552734,750729,58962256.34731293
2022-01-20,78.9800033569336,827309,65340867.597221375
2022-01-21,74.5999984741211,885895,66087765.64823151
2022-01-24,68.58000183105469,1200844,82353883.71881104
2022-01-25,66.58000183105469,1010989,67311649.47117615
2022-01-26,68.08000183105469,994344,67694941.34069824
2022-01-27,65.95999908447266,1010455,66649610.87490082
2022-01-28,63.459999084472656,696396,44193289.52243042
2022-01-31,67.91999816894531,925513,62860841.26533508
2022-02-01,70.45999908447266,776922,54741923.408706665
2022-02-02,69.08000183105469,661473,45694556.05119324
2022-02-03,65.23999786376953,704123,45936983.01583099
2022-02-04,65.19999694824219,861704,56183098.170288086
2022-02-07,67.80000305175781,623789,42292896.103652954
2022-02-08,66.31999969482422,719442,47713393.220443726
2022-02-09,66.83999633789062,693130,46328806.66168213
2022-02-10,46.4900016784668,9719864,451876493.674469
2022-02-11,41.0,6563153,269089273.0
2022-02-14,43.27000045776367,4295917,185884330.55651474
2022-02-15,49.81999969482422,4504277,224403078.76540375
2022-02-16,49.66999816894531,3898436,193635308.9817505
2022-02-17,51.2400016784668,2855329,146307062.75257492
2022-02-18,47.06999969482422,2329056,109628665.20922852
2022-02-21,46.099998474121094,2141654,98730246.13209534
2022-02-22,45.58000183105469,1492047,68007504.99201965
2022-02-23,44.290000915527344,1065951,47210970.76590729
2022-02-24,44.209999084472656,2612360,115492433.20831299
2022-02-25,43.31999969482422,1643802,71209502.13835144
2022-02-28,47.810001373291016,1963960,93896930.29708862
2022-03-01,47.970001220703125,1505196,72204253.95739746
2022-03-02,47.529998779296875,1510930,71814501.05560303
2022-03-03,43.880001068115234,1122175,49241040.19861221
2022-03-04,40.459999084472656,1273803,51538068.21379852
2022-03-07,40.900001525878906,1652802,67599604.32197571
2022-03-08,40.15999984741211,2195573,88174211.34498215
2022-03-09,45.25,1837480,83145970.0
2022-03-10,41.08000183105469,1599699,65715637.84913635
2022-03-11,40.31999969482422,1949693,78611621.16500092
2022-03-14,39.09000015258789,1553692,60733820.517074585
2022-03-15,38.04999923706055,2161731,82253862.90073013
2022-03-16,41.79999923706055,2213800,92536838.31100464
2022-03-17,41.869998931884766,1844080,77211627.63031006
2022-03-18,44.939998626708984,2002027,89971090.63063431
2022-03-21,41.59000015258789,1435885,59718457.36909866
2022-03-22,41.40999984741211,1961785,81237516.55065536
2022-03-23,38.81999969482422,1958001,76009598.22246552
2022-03-24,38.779998779296875,1389899,53900281.52334595
2022-03-25,37.2400016784668,1588709,59163525.82659531
2022-03-28,38.5099983215332,1890539,72804653.71679306
2022-03-29,44.61000061035156,2786263,124295194.13059998
2022-03-30,42.66999816894531,1493672,63734981.50500488
2022-03-31,39.86000061035156,1243676,49572926.11907959
2022-04-01,41.810001373291016,1257104,52559519.96636963
2022-04-04,46.290000915527344,2937051,135956093.4789505
2022-04-05,48.189998626708984,3141882,151407289.26528168
2022-04-06,44.939998626708984,1609115,72313625.89021683
2022-04-07,42.619998931884766,1169958,49863608.71035004
2022-04-08,41.18000030517578,1524707,62787434.72530365
2022-04-11,38.83000183105469,1752514,68050121.82894897
2022-04-12,38.560001373291016,2248848,86715581.96832275
2022-04-13,37.7400016784668,1869168,70542403.45733643
2022-04-14,36.04999923706055,2345093,84540600.86083603
2022-04-19,35.5,1696232,60216236.0
2022-04-20,36.40999984741211,1676711,61049047.254154205
2022-04-21,36.40999984741211,0,0.0
2022-04-22,36.40999984741211,0,0.0
2022-04-25,31.25,2084554,65142312.5
2022-04-26,31.25,0,0.0
2022-04-27,31.25,0,0.0
2022-04-28,31.65999984741211,6619774,209582043.82990265
2022-04-29,33.84000015258789,2924222,98955672.92620087
2022-05-02,33.84000015258789,0,0.0
2022-05-03,35.88999938964844,2112469,75816511.12065125
2022-05-04,33.58000183105469,2064163,69314597.31959534
2022-05-05,30.989999771118164,2812361,87155066.74630165
2022-05-06,30.989999771118164,0,0.0
2022-05-09,30.989999771118164,0,0.0
2022-05-10,25.219999313354492,2731195,68880736.02463722
2022-05-11,25.219999313354492,0,0.0
2022-05-12,27.139999389648438,3460116,93907546.1281128
2022-05-13,27.139999389648438,0,0.0
2022-05-16,29.670000076293945,1461344,43358076.5914917
2022-05-17,30.8799991607666,2167136,66921157.86126709
2022-05-18,28.200000762939453,2015122,56826441.93741608
2022-05-19,28.200000762939453,0,0.0
2022-05-20,29.43000030517578,1244259,36618542.74971771
2022-05-23,29.690000534057617,1514555,44967138.758859634
2022-05-24,28.299999237060547,1558574,44107643.010902405
2022-05-25,28.299999237060547,0,0.0
2022-05-26,33.150001525878906,1656156,54901573.927093506
2022-05-27,33.150001525878906,0,0.0
2022-05-30,33.150001525878906,0,0.0
2022-05-31,35.7400016784668,2433388,86969291.20436096
2022-06-01,35.7599983215332,1670734,59745445.035728455
2022-06-02,35.7599983215332,0,0.0
2022-06-03,35.7599983215332,0,0.0
2022-06-06,40.040000915527344,1511583,60523784.70389557
2022-06-07,40.150001525878906,1528225,61358236.08188629
2022-06-08,40.79999923706055,1323204,53986722.190475464
2022-06-09,38.790000915527344,1594523,61851548.62982941
2022-06-10,38.02000045776367,2317239,88101427.84074783
2022-06-13,33.279998779296875,1879891,62562770.18521118
2022-06-14,31.829999923706055,1763383,56128480.755464554
2022-06-15,34.72999954223633,1678728,58302222.67153931
2022-06-16,31.34000015258789,1936518,60690474.4154892
2022-06-17,35.13999938964844,6434931,226123471.4124298
2022-06-20,36.47999954223633,1542487,56269925.05390549
2022-06-21,34.0,1595931,54261654.0
2022-06-22,35.220001220703125,1398573,49257742.76724243
2022-06-23,38.13999938964844,1179022,44967898.36038208
2022-06-24,39.59000015258789,1739047,68848870.99535751
2022-06-27,38.720001220703125,1251546,48459862.64776611
2022-06-28,36.0,1185349,42672564.0
2022-06-29,35.25,1326569,46761557.25
2022-06-30,35.77000045776367,929940,33263954.22569275
2022-07-01,38.209999084472656,1167223,44599589.76137543
2022-07-04,35.099998474121094,860672,30209585.88671875
2022-07-05,35.66999816894531,856870,30564551.33102417
2022-07-06,34.20000076293945,2014645,68900860.53705215
2022-07-07,38.81999969482422,1230091,47752132.24460602
2022-07-08,38.81999969482422,886494,34413696.8094635
2022-07-11,38.66999816894531,783333,30291485.67567444
2022-07-12,38.66999816894531,0,0.0
2022-07-13,37.38999938964844,838735,31360301.138076782
2022-07-14,36.880001068115234,753896,27803685.285247803
2022-07-15,36.16999816894531,484624,17528849.192626953
2022-07-18,39.060001373291016,1075057,41991727.89636612
2022-07-19,38.58000183105469,1048761,40461201.300338745
2022-07-20,41.61000061035156,2457113,102240473.42970276
2022-07-21,41.349998474121094,795907,32910753.235542297
2022-07-22,43.65999984741211,2851568,124499458.44488525
2022-07-25,44.790000915527344,1168018,52315527.28935242
2022-07-26,43.38999938964844,743707,32269446.27607727
2022-07-27,45.04999923706055,491426,22138740.925071716
2022-07-28,45.119998931884766,605568,27323227.513183594
2022-07-29,46.90999984741211,865266,40589627.927970886
2022-08-01,47.810001373291016,665883,31835867.14445114
2022-08-02,48.09000015258789,931336,44787948.382110596
2022-08-03,51.36000061035156,1222085,62766286.34590149
2022-08-04,51.36000061035156,0,0.0
2022-08-05,50.2599983215332,823784,41403382.45730591
2022-08-08,49.900001525878906,621569,31016294.048439026
2022-08-09,46.869998931884766,887730,41607904.15180206
2022-08-10,49.0,736027,36065323.0
2022-08-11,49.86000061035156,646407,32229853.414535522
2022-08-12,50.15999984741211,494469,24802564.96455002
2022-08-15,49.959999084472656,487887,24374834.07332611
2022-08-16,52.68000030517578,1819703,95861954.59532928
2022-08-17,51.439998626708984,808961,41612952.72906113
2022-08-18,50.65999984741211,430448,21806495.614318848
2022-08-19,50.68000030517578,1188566,60236525.24272156
2022-08-22,47.06999969482422,581016,27348422.94268799
2022-08-23,47.779998779296875,435272,20797295.62866211
2022-08-24,47.849998474121094,465908,22293697.08908081
2022-08-25,45.72999954223633,659235,30146816.248226166
2022-08-26,42.40999984741211,785260,33302876.480178833
2022-08-29,43.41999816894531,526070,22841958.43673706
2022-08-30,43.09000015258789,538579,23207369.192180634
2022-08-31,41.5,910552,37787908.0
2022-09-01,39.56999969482422,589184,23314010.700195312
2022-09-02,41.439998626708984,581674,24104569.76119232
2022-09-05,41.22999954223633,442279,18235162.96754074
2022-09-06,44.400001525878906,917689,40745393.00028229
2022-09-07,44.93000030517578,540415,24280846.11492157
2022-09-08,46.2400016784668,504336,23320497.48651123
2022-09-09,49.08000183105469,703048,34505597.127319336
2022-09-12,50.0,822824,41141200.0
2022-09-13,46.16999816894531,794090,36663133.84597778
2022-09-14,48.06999969482422,572200,27505653.825378418
2022-09-15,45.279998779296875,886785,40153623.71749878
2022-09-16,44.15999984741211,1818090,80286854.12258148
2022-09-19,42.2599983215332,420517,17771047.714176178
2022-09-20,42.900001525878906,811898,34830425.43885803
2022-09-21,42.970001220703125,464547,19961585.157073975
2022-09-22,40.79999923706055,918782,37486304.89902496
2022-09-23,38.119998931884766,933065,35568436.80337906
2022-09-26,37.380001068115234,653726,24436278.5782547
2022-09-27,37.939998626708984,1176999,44655340.44363785
2022-09-28,38.790000915527344,683283,26504548.19556427
2022-09-29,36.040000915527344,646500,23299860.591888428
2022-09-30,37.939998626708984,702859,26666469.49477005
2022-10-03,37.400001525878906,648815,24265681.990013123
2022-10-04,40.5,667315,27026257.5
2022-10-05,38.130001068115234,521009,19866073.72649765
2022-10-06,39.41999816894531,405187,15972470.798080444
2022-10-07,36.810001373291016,444056,16345701.969818115
2022-10-10,34.150001525878906,948866,32403775.347854614
2022-10-11,33.33000183105469,800343,26675433.6554718
2022-10-12,32.83000183105469,946195,31063583.58253479
2022-10-13,32.0,825355,26411360.0
2022-10-14,31.889999389648438,591544,18864337.798950195
2022-10-17,34.79999923706055,845392,29419640.95501709
2022-10-18,35.650001525878906,730785,26052486.365089417
2022-10-19,35.709999084472656,496337,17724193.815589905
2022-10-20,36.75,575460,21148155.0
2022-10-21,34.2599983215332,648296,22210619.87185669
2022-10-24,34.04999923706055,466730,15892156.143913269
2022-10-25,36.16999816894531,659743,23862903.101974487
2022-10-26,37.130001068115234,492706,18294174.306266785
2022-10-27,34.13999938964844,799752,27303532.791870117
2022-10-28,32.7400016784668,571943,18725414.779987335
2022-10-31,33.349998474121094,560414,18689806.0448761
2022-11-01,35.84000015258789,1250644,44823081.15083313
2022-11-02,33.869998931884766,678589,22983808.70518875
2022-11-03,32.900001525878906,645945,21251591.48563385
2022-11-04,35.220001220703125,1072960,37789652.509765625
2022-11-07,34.7599983215332,706292,24550708.73451233
2022-11-08,35.33000183105469,930253,32865840.193344116
2022-11-09,34.81999969482422,816704,28437633.03076172
2022-11-10,41.310001373291016,2110392,87180296.41818237
2022-11-11,44.95000076293945,1736533,78057159.67486954
2022-11-14,45.58000183105469,1014648,46247657.69787598
2022-11-15,44.52000045776367,1020973,45453718.42736435
2022-11-16,43.95000076293945,821896,36122329.827056885
2022-11-17,44.290000915527344,522039,23121107.78794098
2022-11-18,44.189998626708984,704143,31116078.203006744
2022-11-21,42.25,688976,29109236.0
2022-11-22,40.790000915527344,561233,22892694.583824158
2022-11-23,40.41999816894531,449701,18176913.596572876
2022-11-24,41.70000076293945,376241,15689249.987049103
2022-11-25,40.45000076293945,391742,15845964.198875427
2022-11-28,39.939998626708984,421949,16852642.48054123
2022-11-29,39.380001068115234,580454,22858279.13999176
2022-11-30,40.970001220703125,1191129,48800556.58401489
2022-12-01,42.560001373291016,840683,35779469.63450241
2022-12-02,42.959999084472656,684467,29404701.693351746
2022-12-05,41.97999954223633,469353,19703438.725147247
2022-12-06,41.540000915527344,410382,17047268.655715942
2022-12-07,40.75,283032,11533554.0
2022-12-08,40.959999084472656,304516,12472975.081207275
2022-12-09,40.0,343615,13744600.0
2022-12-12,40.0,438346,17533840.0
2022-12-13,43.72999954223633,930674,40698373.59397125
2022-12-14,42.599998474121094,845150,36003388.71040344
2022-12-15,40.63999938964844,630822,25636605.694976807
2022-12-16,40.38999938964844,1154888,46645925.615112305
2022-12-19,42.650001525878906,498584,21264608.36077881
2022-12-20,43.13999938964844,520830,22468605.882110596
2022-12-21,45.2599983215332,479617,21707464.61497879
2022-12-22,44.060001373291016,331951,14625761.515865326
2022-12-23,44.849998474121094,364266,16337329.544174194
2022-12-27,45.0,227073,10218285.0
2022-12-28,44.779998779296875,334403,14974565.931793213
2022-12-29,45.75,370935,16970276.25
2022-12-30,44.779998779296875,212388,9510734.380737305
2023-01-02,44.22999954223633,235567,10419128.302165985
2023-01-03,45.849998474121094,576496,26432340.720336914
2023-01-04,46.2599983215332,483950,22387526.187705994
2023-01-05,46.45000076293945,413970,19228906.815834045
2023-01-06,45.11000061035156,760639,34312425.7542572
2023-01-09,46.68000030517578,1041873,48634631.95795441
2023-01-10,47.849998474121094,594890,28465485.592269897
2023-01-11,49.0099983215332,934042,45777396.852241516
2023-01-12,50.0,799963,39998150.0
2023-01-13,50.0,0,0.0
2023-01-16,50.0,387251,19362550.0
2023-01-17,50.459999084472656,618057,31187155.654151917
2023-01-18,51.34000015258789,913292,46888411.4193573
2023-01-19,49.97999954223633,524781,26228554.139774323
2023-01-20,51.13999938964844,589017,30122329.020492554
2023-01-23,51.18000030517578,316696,16208501.37664795
2023-01-24,50.81999969482422,687838,34955926.9500885
2023-01-25,50.68000030517578,396894,20114588.041122437
2023-01-26,52.599998474121094,608183,31990424.87198639
2023-01-27,52.599998474121094,0,0.0
2023-01-30,54.79999923706055,572808,31389877.962982178
2023-01-31,55.220001220703125,718613,39681810.737213135
2023-02-01,53.779998779296875,782300,42072093.045043945
2023-02-02,57.68000030517578,879097,50706315.228279114
2023-02-03,56.34000015258789,635527,35805591.276973724
2023-02-06,55.040000915527344,519018,28566751.19517517
2023-02-07,53.68000030517578,465285,24976498.941993713
2023-02-08,53.34000015258789,474497,25309670.052402496
2023-02-09,48.209999084472656,2190345,105596530.44467926
2023-02-10,45.400001525878906,1018538,46241626.75416565
2023-02-13,44.130001068115234,513845,22675980.398845673
2023-02-14,42.0,2127050,89336100.0
2023-02-15,42.099998474121094,788352,33189617.997070312
2023-02-16,41.7400016784668,576806,24075883.40814972
2023-02-17,40.380001068115234,914516,36928157.05680847
2023-02-20,39.869998931884766,407235,16236459.015026093
2023-02-21,39.189998626708984,601225,23562006.92434311
2023-02-22,38.900001525878906,470074,18285879.317276
2023-02-23,38.79999923706055,476988,18507134.036087036
2023-02-24,37.220001220703125,852933,31746167.30117798
2023-02-27,37.43000030517578,430632,16118555.891418457
2023-02-28,38.189998626708984,897531,34276707.65742874
2023-03-01,37.5,796479,29867962.5
2023-03-02,37.41999816894531,481208,18006802.478881836
2023-03-03,38.18000030517578,454513,17353306.47870636
2023-03-06,38.22999954223633,367570,14052200.931739807
2023-03-07,37.84000015258789,463625,17543570.07074356
2023-03-08,37.79999923706055,595337,22503738.145793915
2023-03-09,37.02000045776367,953749,35307788.416591644
2023-03-10,35.900001525878906,530748,19053854.009857178
2023-03-13,34.540000915527344,823422,28440996.633865356
2023-03-14,34.27000045776367,684337,23452229.303264618
2023-03-15,32.310001373291016,969908,31337728.811965942
2023-03-16,31.40999984741211,1476552,46378498.094696045
2023-03-17,30.719999313354492,1232555,37864088.753671646
2023-03-20,31.360000610351562,700050,21953568.42727661
2023-03-21,31.200000762939453,788761,24609343.801776886
2023-03-22,30.760000228881836,434259,13357806.939393997
2023-03-23,31.280000686645508,456092,14266558.073173523
2023-03-24,29.739999771118164,396251,11784504.649305344
2023-03-27,29.670000076293945,308325,9148002.77352333
2023-03-28,29.56999969482422,381315,11275484.433631897
2023-03-29,30.209999084472656,549587,16603022.766838074
2023-03-30,31.0,545787,16919397.0
2023-03-31,31.3700008392334,534214,16758293.62833023
2023-04-03,30.420000076293945,424756,12921077.552406311
2023-04-04,30.53499984741211,521953,15937834.775356293
2023-04-05,29.6200008392334,744620,22055645.024909973
2023-04-06,30.334999084472656,615478,18670524.56651306
2023-04-11,32.30500030517578,856039,27654340.15624237
2023-04-12,30.94499969482422,881609,27281390.235954285
2023-04-13,31.674999237060547,476961,15107739.311107635
2023-04-14,32.28499984741211,552858,17849020.445640564
2023-04-17,32.53499984741211,392575,12772427.565097809
2023-04-18,33.73500061035156,585976,19767900.717651367
2023-04-19,33.529998779296875,638895,21422148.570098877
2023-04-20,34.08000183105469,574196,19568600.731384277
2023-04-21,33.404998779296875,593183,19815277.39089966
2023-04-24,33.400001525878906,585501,19555734.293403625
2023-04-25,33.470001220703125,520523,17421905.445404053
2023-04-26,32.82500076293945,572337,18786962.461658478
2023-04-27,36.08000183105469,1480431,53413953.19075012
2023-04-28,36.130001068115234,924659,33407930.657642365
2023-05-02,37.2400016784668,876063,32624587.590442657
2023-05-03,37.8650016784668,669450,25348725.373649597
2023-05-04,39.435001373291016,888478,35037131.150138855
2023-05-05,39.599998474121094,604591,23941802.677467346
2023-05-08,38.61000061035156,307327,11865895.657577515
2023-05-09,38.2599983215332,369909,14152717.719120026
2023-05-10,38.685001373291016,471470,18238817.597465515
2023-05-11,39.099998474121094,420985,16460512.857627869
2023-05-12,39.099998474121094,0,0.0
2023-05-15,40.09000015258789,413961,16595696.553165436
2023-05-16,39.529998779296875,439391,17369125.693634033
2023-05-17,40.869998931884766,606676,24794847.472000122
2023-05-18,40.529998779296875,331890,13451501.29486084
2023-05-19,39.560001373291016,253648,10034315.22833252
2023-05-22,37.11000061035156,846530,31414728.81668091
2023-05-23,36.09000015258789,522737,18865578.409763336
2023-05-24,35.61000061035156,399488,14225767.923828125
2023-05-25,37.5,542028,20326050.0
2023-05-26,37.404998779296875,391787,14654792.256744385
2023-05-29,37.084999084472656,142028,5267108.249969482
2023-05-30,36.63999938964844,341938,12528608.111297607
2023-05-31,35.0,1666066,58312310.0
2023-06-01,35.18000030517578,482899,16988386.96736908
2023-06-02,36.689998626708984,428831,15733808.80109024
2023-06-05,35.415000915527344,404604,14329051.030426025
2023-06-06,34.6150016784668,452803,15673776.605014801
2023-06-07,34.244998931884766,426700,14612341.04423523
2023-06-08,34.53499984741211,491792,16984036.644958496
2023-06-09,35.75,591191,21135078.25
2023-06-12,36.46500015258789,468257,17074991.576450348
2023-06-13,36.650001525878906,601306,22037865.81752014
2023-06-14,36.48500061035156,401608,14652668.12512207
2023-06-15,35.189998626708984,416376,14652270.86819458
2023-06-16,36.540000915527344,1114664,40729823.58050537
2023-06-19,36.314998626708984,282808,10270172.131622314
2023-06-20,34.44499969482422,531675,18313545.212745667
2023-06-21,34.0,365309,12420506.0
2023-06-22,35.810001373291016,575475,20607760.540294647
2023-06-23,34.709999084472656,373273,12956305.488258362
2023-06-26,36.314998626708984,570623,20722173.46136856
2023-06-27,38.59000015258789,765524,29541571.276809692
2023-06-28,39.0,726546,28335294.0
2023-06-29,39.16999816894531,518838,20322883.509979248
2023-06-30,40.404998779296875,1259874,50905207.43206787
2023-07-03,42.19499969482422,829324,34993325.9269104
2023-07-04,43.95500183105469,600485,26394319.274520874
2023-07-05,41.560001373291016,759604,31569143.28315735
2023-07-06,39.665000915527344,672649,26680623.200828552
2023-07-07,39.46500015258789,721363,28468590.90507126
2023-07-10,39.380001068115234,405362,15963155.992973328
2023-07-11,40.005001068115234,554494,22182533.06226349
2023-07-12,41.845001220703125,754413,31568412.905914307
2023-07-13,42.0,446564,18755688.0
2023-07-14,41.34000015258789,418807,17313481.443904877
2023-07-17,39.79999923706055,543203,21619478.985569
2023-07-18,40.86000061035156,351094,14345701.054290771
2023-07-19,42.66999816894531,520104,22192836.727661133
2023-07-20,40.44499969482422,601058,24309790.626571655
2023-07-21,40.939998626708984,432542,17708268.885993958
2023-07-24,40.30500030517578,416753,16797229.792182922
2023-07-25,39.79999923706055,606315,24131336.537418365
2023-07-26,39.7400016784668,454685,18069182.663173676
2023-07-27,41.0,452626,18557666.0
2023-07-28,40.91999816894531,380855,15584585.902633667
2023-07-31,41.26499938964844,421121,17377557.80796814
2023-08-01,39.19499969482422,485811,19041361.99674225
2023-08-02,37.48500061035156,673168,25233702.89086914
2023-08-03,38.45500183105469,397086,15269942.857086182
2023-08-04,38.39500045776367,320183,12293426.431568146
2023-08-07,37.8650016784668,264069,9998973.128231049
2023-08-08,37.2599983215332,369494,13767345.81981659
2023-08-09,39.0099983215332,1123003,43808345.14507675
2023-08-10,39.619998931884766,0,0.0
2023-08-11,38.154998779296875,386384,14742481.048339844
2023-08-14,39.0,365534,14255826.0
2023-08-15,38.36000061035156,247311,9486850.110946655
2023-08-16,37.755001068115234,298419,11266809.66374588
2023-08-17,36.70500183105469,292306,10729092.265228271
2023-08-18,35.474998474121094,468119,16606520.810707092
2023-08-21,34.849998474121094,306977,10698147.981590271
2023-08-22,35.005001068115234,275685,9650353.719463348
2023-08-23,35.505001068115234,282335,10024304.476566315
2023-08-24,35.040000915527344,278832,9770273.53527832
2023-08-25,34.375,353657,12156959.375
2023-08-28,34.935001373291016,164762,5755960.696266174
2023-08-29,35.7599983215332,385066,13769959.513679504
2023-08-30,32.064998626708984,1773623,56871219.05929947
2023-08-31,33.724998474121094,1441276,48607030.90078735
2023-09-01,33.744998931884766,665809,22467723.993839264
2023-09-04,33.619998931884766,229495,7715621.654872894
2023-09-05,33.42499923706055,313751,10487126.935626984
2023-09-06,32.45500183105469,343246,11140049.558502197
2023-09-07,31.514999389648438,480450,15141381.456756592
2023-09-08,30.395000457763672,627879,19084382.492420197
2023-09-11,30.350000381469727,619452,18800368.436302185
2023-09-12,29.8799991607666,812161,24267369.998407364
2023-09-13,29.440000534057617,500624,14738370.82736206
2023-09-14,30.915000915527344,822097,25415129.507652283
2023-09-15,30.895000457763672,1025222,31674234.159309387
2023-09-18,30.44499969482422,495034,15071309.978927612
2023-09-19,29.790000915527344,367632,10951757.616577148
2023-09-20,31.889999389648438,2169479,69184683.9858551
2023-09-21,31.30500030517578,1194734,37401148.23460388
2023-09-22,30.204999923706055,659995,19935148.924646378
2023-09-25,28.93000030517578,637382,18439461.45451355
2023-09-26,28.385000228881836,674400,19142844.15435791
2023-09-27,27.78499984741211,568408,15793216.193267822
2023-09-28,26.655000686645508,996940,26573436.384544373
2023-09-29,27.170000076293945,1198488,32562919.051437378
2023-10-02,27.655000686645508,1044266,28879176.947040558
2023-10-03,26.440000534057617,1038188,27449691.27445221
2023-10-04,26.46500015258789,526043,13921728.075267792
2023-10-05,26.5,613471,16256981.5
2023-10-06,27.7450008392334,617561,17134230.463277817
2023-10-09,26.799999237060547,394737,10578951.29883957
2023-10-10,28.579999923706055,535485,15304161.259145737
2023-10-11,28.485000610351562,471872,13441274.208007812
2023-10-12,27.790000915527344,409620,11383340.17501831
2023-10-13,27.354999542236328,397557,10875171.553012848
2023-10-16,27.450000762939453,375532,10308353.686508179
2023-10-17,26.270000457763672,492379,12934796.555393219
2023-10-18,24.985000610351562,781158,19517233.106781006
2023-10-19,24.989999771118164,461652,11536683.374336243
2023-10-20,24.489999771118164,357442,8753754.498188019
2023-10-23,24.020000457763672,819127,19675430.914966583
2023-10-24,25.155000686645508,733467,18450362.88863182
2023-10-25,23.614999771118164,692622,16356268.371471405
2023-10-26,23.0049991607666,1212619,27896299.077329636
2023-10-27,23.670000076293945,464322,10990501.775424957
2023-10-30,23.639999389648438,274036,6478210.872741699
2023-10-31,23.969999313354492,463585,11112132.131681442
2023-11-01,24.385000228881836,539716,13160974.783531189
2023-11-02,26.315000534057617,807367,21245863.036180496
2023-11-03,27.5,658582,18111005.0
2023-11-06,27.170000076293945,467690,12707137.335681915
2023-11-07,27.834999084472656,472725,13158299.942207336
2023-11-08,27.635000228881836,305764,8449788.209983826
2023-11-09,28.395000457763672,401709,11406527.238887787
2023-11-10,27.28499984741211,442716,12079505.9924469
2023-11-13,26.895000457763672,658062,17698577.791236877
2023-11-14,29.69499969482422,1885906,56001978.09446716
2023-11-15,31.209999084472656,1556140,48567127.97531128
2023-11-16,32.21500015258789,1391766,44835741.90236664
2023-11-17,32.89500045776367,1104659,36337758.31067276
2023-11-20,33.10499954223633,590792,19558168.889556885
2023-11-21,31.549999237060547,736625,23240518.187999725
2023-11-22,31.084999084472656,550671,17117607.530845642
2023-11-23,31.299999237060547,358809,11230721.426250458
2023-11-24,31.829999923706055,265500,8450864.979743958
2023-11-27,32.040000915527344,262826,8420945.28062439
2023-11-28,30.18000030517578,445250,13437645.135879517
2023-11-29,30.424999237060547,543650,16540550.835227966
2023-11-30,29.104999542236328,1039601,30257586.62910843
2023-12-01,29.469999313354492,541318,15952641.088306427
2023-12-04,29.8799991607666,664545,19856604.04229164
2023-12-05,30.375,413560,12561885.0
2023-12-06,31.434999465942383,684055,21503268.559675217
2023-12-07,31.4950008392334,466467,14691378.556474686
2023-12-08,31.510000228881836,463349,14600127.09605217
2023-12-11,31.065000534057617,492176,15289447.702850342
2023-12-12,30.21500015258789,542937,16404841.537845612
2023-12-13,28.40999984741211,686695,19509004.84521866
2023-12-14,30.2549991607666,1364844,41293354.07457733
2023-12-15,30.524999618530273,1145168,34956252.763153076
2023-12-18,28.399999618530273,923596,26230126.047676086
2023-12-19,29.729999542236328,558552,16605750.704315186
2023-12-20,28.799999237060547,933966,26898220.08744049
2023-12-21,25.670000076293945,1528059,39225274.64658165
2023-12-22,23.93000030517578,1283021,30702692.921546936
2023-12-27,24.46500015258789,706700,17289415.607833862
2023-12-28,24.399999618530273,579227,14133138.579042435
2023-12-29,25.010000228881836,277750,6946527.56357193
2024-01-02,23.65999984741211,760889,18002633.623897552
2024-01-03,24.440000534057617,636681,15560483.980024338
2024-01-04,24.100000381469727,558586,13461922.813083649
2024-01-05,24.18000030517578,557470,13479624.770126343
2024-01-08,24.18000030517578,775412,18749462.396636963
2024-01-09,23.834999084472656,1183739,28214417.981254578
2024-01-10,23.4950008392334,761416,17889469.559005737
2024-01-11,23.344999313354492,742026,17322596.46049118
2024-01-12,23.790000915527344,515525,12264340.221977234
2024-01-15,22.149999618530273,1246894,27618701.624347687
2024-01-16,22.545000076293945,650088,14656234.009597778
2024-01-17,21.524999618530273,860472,18521659.47175598
2024-01-18,22.415000915527344,764623,17139025.245033264
2024-01-19,21.549999237060547,581222,12525333.656562805
2024-01-22,21.30500030517578,622014,13252008.459823608
2024-01-23,22.850000381469727,1068709,24420001.05768013
2024-01-24,23.475000381469727,842594,19779894.471424103
2024-01-25,23.354999542236328,640135,14950352.631969452
2024-01-26,23.459999084472656,517341,12136819.386360168
2024-01-29,22.59000015258789,838318,18937603.747917175
2024-01-30,21.385000228881836,1821551,38953868.55191994
2024-01-31,21.299999237060547,1150834,24512763.321983337
2024-02-01,21.5,1102215,23697622.5
2024-02-02,16.649999618530273,7295141,121464094.86712456
2024-02-05,17.40399932861328,6948437,120930592.88291168
2024-02-06,17.552000045776367,3312424,58139666.19963074
2024-02-07,18.0,1929857,34737426.0
2024-02-08,18.52400016784668,948863,17576738.371263504
2024-02-09,18.486000061035156,1621749,29979652.112983704
2024-02-12,19.31800079345703,1161388,22435694.305511475
2024-02-13,18.639999389648438,1093987,20391917.012283325
2024-02-14,22.299999237060547,3670183,81845078.09987259
2024-02-15,23.329999923706055,2944453,68694088.26535606
2024-02-16,22.594999313354492,1377767,31130644.41896248
2024-02-19,22.600000381469727,751359,16980713.686620712
2024-02-20,22.329999923706055,719038,16056118.485141754
2024-02-21,22.655000686645508,681754,15445137.338123322
2024-02-22,21.885000228881836,2126792,46544843.40678406
2024-02-23,22.239999771118164,736918,16389056.151332855
2024-02-26,21.399999618530273,1474088,31545482.637680054
2024-02-27,22.315000534057617,1219944,27223051.011520386
2024-02-28,21.704999923706055,1084792,23545410.27723694
2024-02-29,21.364999771118164,1138357,24320997.04445076
2024-03-01,22.084999084472656,907959,20052273.68373871
2024-03-04,22.15999984741211,1443390,31985522.179756165
2024-03-05,21.954999923706055,1140413,25037767.327993393
2024-03-06,23.700000762939453,1575993,37351035.30238724
2024-03-07,23.614999771118164,1255193,29641382.40770912
2024-03-08,23.985000610351562,1129988,27102762.86968994
2024-03-11,25.614999771118164,1535541,39332882.36354256
2024-03-12,26.920000076293945,1815050,48861146.138477325
2024-03-13,26.905000686645508,996897,26821514.469514847
2024-03-14,26.299999237060547,892769,23479824.018871307
2024-03-15,25.59000015258789,1426679,36508715.82769394
2024-03-18,24.510000228881836,829987,20342981.55996895
2024-03-19,25.7450008392334,842991,21702804.0024662
2024-03-20,26.81999969482422,1191731,31962225.05631256
2024-03-21,27.44499969482422,1044714,28672175.41117859
2024-03-22,26.979999542236328,872031,23527395.980815887
2024-03-25,27.084999084472656,1356470,36739988.708114624
2024-03-26,27.0,603510,16294770.0
2024-03-27,27.0,777773,20999871.0
2024-03-28,26.514999389648438,846027,22432405.3886261
2024-04-02,27.969999313354492,1409212,39415658.67237091
2024-04-03,28.81999969482422,1006816,29016436.81274414
2024-04-04,33.0,3047545,100568985.0
2024-04-05,32.0,965549,30897568.0
2024-04-08,32.0,550649,17620768.0
2024-04-09,32.290000915527344,701017,22635839.571800232
2024-04-10,33.459999084472656,1004155,33599025.38066864
2024-04-11,31.84000015258789,911802,29031775.819129944
2024-04-12,31.469999313354492,742671,23371855.860048294
2024-04-15,30.600000381469727,613796,18782157.834144592
2024-04-16,28.920000076293945,1052731,30444980.600317
2024-04-17,28.739999771118164,898274,25816394.554401398
2024-04-18,28.6299991607666,821345,23515106.660699844
2024-04-19,28.09000015258789,786490,22092504.22000885
2024-04-22,27.790000915527344,828883,23034659.32886505
2024-04-23,29.389999389648438,1000629,29408485.699264526
2024-04-24,28.93000030517578,804932,23286683.005645752
2024-04-25,30.790000915527344,2129079,65554344.35923004
2024-04-26,25.860000610351562,4384610,113386017.27615356
2024-04-29,27.020000457763672,1654423,44702510.21733475
2024-04-30,26.399999618530273,946501,24987626.038938522
2024-05-02,27.25,809588,22061273.0
2024-05-03,25.959999084472656,958476,24882036.082489014
2024-05-06,26.5,512911,13592141.5
2024-05-07,25.739999771118164,802807,20664251.99625206
2024-05-08,25.5,856218,21833559.0
2024-05-09,24.540000915527344,706268,17331817.366607666
2024-05-10,25.239999771118164,596302,15050662.343517303
2024-05-13,25.31999969482422,517938,13114190.001937866
2024-05-14,31.989999771118164,4259315,136255485.87512016
2024-05-15,31.100000381469727,1040486,32359114.99691391
2024-05-16,32.220001220703125,980050,31577212.196350098
2024-05-17,31.829999923706055,639458,20353948.091213226
2024-05-20,30.850000381469727,502473,15501292.241678238
2024-05-21,30.0,644919,19347570.0
2024-05-22,30.219999313354492,387066,11697134.25422287
2024-05-23,29.889999389648438,377267,11276510.399734497
2024-05-24,29.860000610351562,313671,9366216.251449585
2024-05-27,29.530000686645508,214884,6345524.667549133
2024-05-28,29.530000686645508,370911,10953002.084684372
2024-05-29,27.649999618530273,926449,25616314.496587753
2024-05-30,28.229999542236328,658357,18585417.808628082
2024-05-31,27.90999984741211,1822957,50878729.59183884
2024-06-03,29.15999984741211,526683,15358076.199634552
2024-06-04,29.06999969482422,564527,16410799.717720032
2024-06-05,28.5,581070,16560495.0
2024-06-06,28.65999984741211,464348,13308213.609146118
2024-06-07,28.3799991607666,445668,12648057.46598053
2024-06-10,28.450000762939453,629315,17904012.230129242
2024-06-11,28.030000686645508,570747,15998038.801900864
2024-06-12,29.0,452306,13116874.0
2024-06-13,28.450000762939453,270101,7684373.656070709
2024-06-14,27.84000015258789,378094,10526137.017692566
2024-06-17,27.670000076293945,813209,22501493.092042923
2024-06-18,27.670000076293945,0,0.0
2024-06-19,26.75,0,0.0
2024-06-20,26.979999542236328,388670,10486316.422080994
2024-06-21,25.719999313354492,1127575,29001228.22575569
2024-06-24,25.920000076293945,431440,11182924.83291626
2024-06-25,25.010000228881836,629985,15755924.994192123
2024-06-26,23.350000381469727,1271584,29691486.8850708
2024-06-27,23.350000381469727,0,0.0
2024-06-28,22.149999618530273,1096214,24281139.681827545
